flight_id,origin_city_id,destination_city_id,departure_date,departure_time,arrival_date,arrival_time,airline,stops,price_usd,seats_available,baggage_included,refund_type,source_name,last_updated,record_version
FL-BKK-DXB-0510,BKK,DXB,2026-05-10,11:00,2026-05-10,18:00,EK,0,395.96,17,yes,partial,openflights_route+derived_fields,2026-04-01T00:00:00Z,source-grounded-v1
FL-BKK-DXB-0514,BKK,DXB,2026-05-14,06:00,2026-05-14,13:00,EK,0,375.06,13,yes,flexible,openflights_route+derived_fields,2026-04-01T00:00:00Z,source-grounded-v1
FL-BKK-DXB-0518,BKK,DXB,2026-05-18,06:00,2026-05-18,13:00,EK,0,413.61,16,yes,partial,openflights_route+derived_fields,2026-04-01T00:00:00Z,source-grounded-v1
FL-BKK-DXB-0522,BKK,DXB,2026-05-22,10:00,2026-05-22,17:00,EK,0,381.31,11,yes,flexible,openflights_route+derived_fields,2026-04-01T00:00:00Z,source-grounded-v1
FL-BKK-DXB-0526,BKK,DXB,2026-05-26,12:00,2026-05-26,19:00,EK,0,407.84,8,yes,partial,openflights_route+derived_fields,2026-04-01T00:00:00Z,source-grounded-v1
FL-BKK-DXB-0530,BKK,DXB,2026-05-30,06:00,2026-05-30,13:00,EK,0,383.38,11,yes,flexible,openflights_route+derived_fields,2026-04-01T00:00:00Z,source-grounded-v1
FL-BKK-ISB-0510,BKK,ISB,2026-05-10,08:00,2026-05-10,13:00,TG,0,300.03,13,yes,partial,openflights_route+derived_fields,2026-04-01T00:00:00Z,source-grounded-v1
FL-BKK-ISB-0514,BKK,ISB,2026-05-14,11:00,2026-05-14,16:00,TG,0,313.92,17,yes,partial,openflights_route+derived_fields,2026-04-01T00:00:00Z,source-grounded-v1
FL-BKK-ISB-0518,BKK,ISB,2026-05-18,06:00,2026-05-18,11:00,TG,0,326.41,10,yes,partial,openflights_route+derived_fields,2026-04-01T00:00:00Z,source-grounded-v1
FL-BKK-ISB-0522,BKK,ISB,2026-05-22,09:00,2026-05-22,14:00,TG,0,334.49,9,yes,flexible,openflights_route+derived_fields,2026-04-01T00:00:00Z,source-grounded-v1
FL-BKK-ISB-0526,BKK,ISB,2026-05-26,06:00,2026-05-26,11:00,TG,0,316.77,6,yes,partial,openflights_route+derived_fields,2026-04-01T00:00:00Z,source-grounded-v1
FL-BKK-ISB-0530,BKK,ISB,2026-05-30,06:00,2026-05-30,11:00,TG,0,301.03,7,yes,partial,openflights_route+derived_fields,2026-04-01T00:00:00Z,source-grounded-v1
FL-BKK-IST-0510,BKK,IST,2026-05-10,08:00,2026-05-10,18:00,TG,0,551.60,4,yes,partial,openflights_route+derived_fields,2026-04-01T00:00:00Z,source-grounded-v1
FL-BKK-IST-0514,BKK,IST,2026-05-14,11:00,2026-05-14,21:00,TG,0,521.88,18,yes,flexible,openflights_route+derived_fields,2026-04-01T00:00:00Z,source-grounded-v1
FL-BKK-IST-0518,BKK,IST,2026-05-18,07:00,2026-05-18,17:00,TG,0,544.01,18,yes,flexible,openflights_route+derived_fields,2026-04-01T00:00:00Z,source-grounded-v1
FL-BKK-IST-0522,BKK,IST,2026-05-22,07:00,2026-05-22,17:00,TG,0,528.27,8,yes,flexible,openflights_route+derived_fields,2026-04-01T00:00:00Z,source-grounded-v1
FL-BKK-IST-0526,BKK,IST,2026-05-26,13:00,2026-05-26,23:00,TG,0,550.66,17,no,flexible,openflights_route+derived_fields,2026-04-01T00:00:00Z,source-grounded-v1
FL-BKK-IST-0530,BKK,IST,2026-05-30,14:00,2026-05-30,23:00,TG,0,522.59,13,yes,flexible,openflights_route+derived_fields,2026-04-01T00:00:00Z,source-grounded-v1
FL-BKK-KHI-0510,BKK,KHI,2026-05-10,10:00,2026-05-10,15:00,CX,0,314.35,5,yes,partial,openflights_route+derived_fields,2026-04-01T00:00:00Z,source-grounded-v1
FL-BKK-KHI-0514,BKK,KHI,2026-05-14,09:00,2026-05-14,14:00,CX,0,343.05,8,yes,partial,openflights_route+derived_fields,2026-04-01T00:00:00Z,source-grounded-v1
FL-BKK-KHI-0518,BKK,KHI,2026-05-18,10:00,2026-05-18,15:00,CX,0,334.02,15,yes,flexible,openflights_route+derived_fields,2026-04-01T00:00:00Z,source-grounded-v1
FL-BKK-KHI-0522,BKK,KHI,2026-05-22,09:00,2026-05-22,14:00,CX,0,325.07,7,yes,partial,openflights_route+derived_fields,2026-04-01T00:00:00Z,source-grounded-v1
FL-BKK-KHI-0526,BKK,KHI,2026-05-26,07:00,2026-05-26,12:00,CX,0,316.28,4,yes,partial,openflights_route+derived_fields,2026-04-01T00:00:00Z,source-grounded-v1
FL-BKK-KHI-0530,BKK,KHI,2026-05-30,11:00,2026-05-30,16:00,CX,0,310.15,11,yes,partial,openflights_route+derived_fields,2026-04-01T00:00:00Z,source-grounded-v1
FL-BKK-KUL-0510,BKK,KUL,2026-05-10,08:00,2026-05-10,10:00,AA,0,188.03,12,yes,partial,openflights_route+derived_fields,2026-04-01T00:00:00Z,source-grounded-v1
FL-BKK-KUL-0514,BKK,KUL,2026-05-14,09:00,2026-05-14,11:00,AA,0,174.50,4,yes,flexible,openflights_route+derived_fields,2026-04-01T00:00:00Z,source-grounded-v1
FL-BKK-KUL-0518,BKK,KUL,2026-05-18,14:00,2026-05-18,16:00,AA,0,179.88,16,no,partial,openflights_route+derived_fields,2026-04-01T00:00:00Z,source-grounded-v1
FL-BKK-KUL-0522,BKK,KUL,2026-05-22,09:00,2026-05-22,11:00,AA,0,165.64,7,yes,partial,openflights_route+derived_fields,2026-04-01T00:00:00Z,source-grounded-v1
FL-BKK-KUL-0526,BKK,KUL,2026-05-26,10:00,2026-05-26,12:00,AA,0,181.47,7,yes,flexible,openflights_route+derived_fields,2026-04-01T00:00:00Z,source-grounded-v1
FL-BKK-KUL-0530,BKK,KUL,2026-05-30,14:00,2026-05-30,16:00,AA,0,181.82,8,yes,flexible,openflights_route+derived_fields,2026-04-01T00:00:00Z,source-grounded-v1
FL-BKK-LHE-0510,BKK,LHE,2026-05-10,13:00,2026-05-10,18:00,TG,0,281.04,17,no,partial,openflights_route+derived_fields,2026-04-01T00:00:00Z,source-grounded-v1
FL-BKK-LHE-0514,BKK,LHE,2026-05-14,13:00,2026-05-14,18:00,TG,0,287.05,4,yes,flexible,openflights_route+derived_fields,2026-04-01T00:00:00Z,source-grounded-v1
FL-BKK-LHE-0518,BKK,LHE,2026-05-18,07:00,2026-05-18,12:00,TG,0,321.96,16,yes,partial,openflights_route+derived_fields,2026-04-01T00:00:00Z,source-grounded-v1
FL-BKK-LHE-0522,BKK,LHE,2026-05-22,13:00,2026-05-22,18:00,TG,0,302.08,14,yes,partial,openflights_route+derived_fields,2026-04-01T00:00:00Z,source-grounded-v1
FL-BKK-LHE-0526,BKK,LHE,2026-05-26,08:00,2026-05-26,13:00,TG,0,306.39,9,yes,partial,openflights_route+derived_fields,2026-04-01T00:00:00Z,source-grounded-v1
FL-BKK-LHE-0530,BKK,LHE,2026-05-30,06:00,2026-05-30,11:00,TG,0,313.98,5,yes,flexible,openflights_route+derived_fields,2026-04-01T00:00:00Z,source-grounded-v1
FL-BKK-SIN-0510,BKK,SIN,2026-05-10,07:00,2026-05-10,09:00,3K,0,182.97,7,yes,flexible,openflights_route+derived_fields,2026-04-01T00:00:00Z,source-grounded-v1
FL-BKK-SIN-0514,BKK,SIN,2026-05-14,11:00,2026-05-14,13:00,3K,0,179.18,4,no,partial,openflights_route+derived_fields,2026-04-01T00:00:00Z,source-grounded-v1
FL-BKK-SIN-0518,BKK,SIN,2026-05-18,06:00,2026-05-18,08:00,3K,0,192.43,12,yes,partial,openflights_route+derived_fields,2026-04-01T00:00:00Z,source-grounded-v1
FL-BKK-SIN-0522,BKK,SIN,2026-05-22,08:00,2026-05-22,10:00,3K,0,202.14,5,yes,partial,openflights_route+derived_fields,2026-04-01T00:00:00Z,source-grounded-v1
FL-BKK-SIN-0526,BKK,SIN,2026-05-26,08:00,2026-05-26,10:00,3K,0,177.21,6,yes,flexible,openflights_route+derived_fields,2026-04-01T00:00:00Z,source-grounded-v1
FL-BKK-SIN-0530,BKK,SIN,2026-05-30,11:00,2026-05-30,13:00,3K,0,176.05,9,yes,partial,openflights_route+derived_fields,2026-04-01T00:00:00Z,source-grounded-v1
FL-DXB-BKK-0510,DXB,BKK,2026-05-10,11:00,2026-05-10,18:00,EK,0,412.57,9,yes,partial,openflights_route+derived_fields,2026-04-01T00:00:00Z,source-grounded-v1
FL-DXB-BKK-0514,DXB,BKK,2026-05-14,13:00,2026-05-14,20:00,EK,0,399.67,14,yes,flexible,openflights_route+derived_fields,2026-04-01T00:00:00Z,source-grounded-v1
FL-DXB-BKK-0518,DXB,BKK,2026-05-18,08:00,2026-05-18,15:00,EK,0,383.25,17,yes,partial,openflights_route+derived_fields,2026-04-01T00:00:00Z,source-grounded-v1
FL-DXB-BKK-0522,DXB,BKK,2026-05-22,12:00,2026-05-22,19:00,EK,0,405.76,9,no,flexible,openflights_route+derived_fields,2026-04-01T00:00:00Z,source-grounded-v1
FL-DXB-BKK-0526,DXB,BKK,2026-05-26,07:00,2026-05-26,14:00,EK,0,394.96,10,no,partial,openflights_route+derived_fields,2026-04-01T00:00:00Z,source-grounded-v1
FL-DXB-BKK-0530,DXB,BKK,2026-05-30,07:00,2026-05-30,14:00,EK,0,400.41,6,yes,flexible,openflights_route+derived_fields,2026-04-01T00:00:00Z,source-grounded-v1
FL-DXB-ISB-0510,DXB,ISB,2026-05-10,07:00,2026-05-10,10:00,EK,0,199.83,7,yes,flexible,openflights_route+derived_fields,2026-04-01T00:00:00Z,source-grounded-v1
FL-DXB-ISB-0514,DXB,ISB,2026-05-14,07:00,2026-05-14,10:00,EK,0,225.71,18,yes,partial,openflights_route+derived_fields,2026-04-01T00:00:00Z,source-grounded-v1
FL-DXB-ISB-0518,DXB,ISB,2026-05-18,11:00,2026-05-18,14:00,EK,0,216.84,15,yes,flexible,openflights_route+derived_fields,2026-04-01T00:00:00Z,source-grounded-v1
FL-DXB-ISB-0522,DXB,ISB,2026-05-22,11:00,2026-05-22,14:00,EK,0,221.73,11,yes,partial,openflights_route+derived_fields,2026-04-01T00:00:00Z,source-grounded-v1
FL-DXB-ISB-0526,DXB,ISB,2026-05-26,14:00,2026-05-26,17:00,EK,0,201.16,16,yes,flexible,openflights_route+derived_fields,2026-04-01T00:00:00Z,source-grounded-v1
FL-DXB-ISB-0530,DXB,ISB,2026-05-30,14:00,2026-05-30,17:00,EK,0,240.16,5,yes,partial,openflights_route+derived_fields,2026-04-01T00:00:00Z,source-grounded-v1
FL-DXB-IST-0510,DXB,IST,2026-05-10,13:00,2026-05-10,17:00,EK,0,301.70,6,yes,partial,openflights_route+derived_fields,2026-04-01T00:00:00Z,source-grounded-v1
FL-DXB-IST-0514,DXB,IST,2026-05-14,12:00,2026-05-14,16:00,EK,0,298.80,7,yes,flexible,openflights_route+derived_fields,2026-04-01T00:00:00Z,source-grounded-v1
FL-DXB-IST-0518,DXB,IST,2026-05-18,06:00,2026-05-18,10:00,EK,0,297.61,6,yes,flexible,openflights_route+derived_fields,2026-04-01T00:00:00Z,source-grounded-v1
FL-DXB-IST-0522,DXB,IST,2026-05-22,13:00,2026-05-22,17:00,EK,0,304.52,12,no,flexible,openflights_route+derived_fields,2026-04-01T00:00:00Z,source-grounded-v1
FL-DXB-IST-0526,DXB,IST,2026-05-26,07:00,2026-05-26,11:00,EK,0,298.58,4,yes,partial,openflights_route+derived_fields,2026-04-01T00:00:00Z,source-grounded-v1
FL-DXB-IST-0530,DXB,IST,2026-05-30,12:00,2026-05-30,16:00,EK,0,274.48,6,no,partial,openflights_route+derived_fields,2026-04-01T00:00:00Z,source-grounded-v1
FL-DXB-KHI-0510,DXB,KHI,2026-05-10,08:00,2026-05-10,10:00,EK,0,171.74,18,no,flexible,openflights_route+derived_fields,2026-04-01T00:00:00Z,source-grounded-v1
FL-DXB-KHI-0514,DXB,KHI,2026-05-14,14:00,2026-05-14,16:00,EK,0,160.18,11,yes,partial,openflights_route+derived_fields,2026-04-01T00:00:00Z,source-grounded-v1
FL-DXB-KHI-0518,DXB,KHI,2026-05-18,08:00,2026-05-18,10:00,EK,0,172.23,6,yes,flexible,openflights_route+derived_fields,2026-04-01T00:00:00Z,source-grounded-v1
FL-DXB-KHI-0522,DXB,KHI,2026-05-22,10:00,2026-05-22,12:00,EK,0,179.70,5,yes,partial,openflights_route+derived_fields,2026-04-01T00:00:00Z,source-grounded-v1
FL-DXB-KHI-0526,DXB,KHI,2026-05-26,08:00,2026-05-26,10:00,EK,0,167.79,13,yes,partial,openflights_route+derived_fields,2026-04-01T00:00:00Z,source-grounded-v1
FL-DXB-KHI-0530,DXB,KHI,2026-05-30,10:00,2026-05-30,12:00,EK,0,192.40,10,no,flexible,openflights_route+derived_fields,2026-04-01T00:00:00Z,source-grounded-v1
FL-DXB-KUL-0510,DXB,KUL,2026-05-10,14:00,2026-05-10,22:00,EK,0,443.85,17,yes,flexible,openflights_route+derived_fields,2026-04-01T00:00:00Z,source-grounded-v1
FL-DXB-KUL-0514,DXB,KUL,2026-05-14,12:00,2026-05-14,20:00,EK,0,426.58,10,yes,partial,openflights_route+derived_fields,2026-04-01T00:00:00Z,source-grounded-v1
FL-DXB-KUL-0518,DXB,KUL,2026-05-18,14:00,2026-05-18,22:00,EK,0,450.90,16,yes,flexible,openflights_route+derived_fields,2026-04-01T00:00:00Z,source-grounded-v1
FL-DXB-KUL-0522,DXB,KUL,2026-05-22,13:00,2026-05-22,21:00,EK,0,435.00,13,no,partial,openflights_route+derived_fields,2026-04-01T00:00:00Z,source-grounded-v1
FL-DXB-KUL-0526,DXB,KUL,2026-05-26,13:00,2026-05-26,21:00,EK,0,434.79,13,yes,flexible,openflights_route+derived_fields,2026-04-01T00:00:00Z,source-grounded-v1
FL-DXB-KUL-0530,DXB,KUL,2026-05-30,07:00,2026-05-30,15:00,EK,0,424.39,5,yes,partial,openflights_route+derived_fields,2026-04-01T00:00:00Z,source-grounded-v1
FL-DXB-LHE-0510,DXB,LHE,2026-05-10,13:00,2026-05-10,16:00,EK,0,235.91,17,yes,flexible,openflights_route+derived_fields,2026-04-01T00:00:00Z,source-grounded-v1
FL-DXB-LHE-0514,DXB,LHE,2026-05-14,06:00,2026-05-14,09:00,EK,0,206.71,7,yes,flexible,openflights_route+derived_fields,2026-04-01T00:00:00Z,source-grounded-v1
FL-DXB-LHE-0518,DXB,LHE,2026-05-18,06:00,2026-05-18,09:00,EK,0,235.84,14,no,partial,openflights_route+derived_fields,2026-04-01T00:00:00Z,source-grounded-v1
FL-DXB-LHE-0522,DXB,LHE,2026-05-22,14:00,2026-05-22,17:00,EK,0,238.15,15,yes,flexible,openflights_route+derived_fields,2026-04-01T00:00:00Z,source-grounded-v1
FL-DXB-LHE-0526,DXB,LHE,2026-05-26,08:00,2026-05-26,11:00,EK,0,203.26,5,yes,partial,openflights_route+derived_fields,2026-04-01T00:00:00Z,source-grounded-v1
FL-DXB-LHE-0530,DXB,LHE,2026-05-30,14:00,2026-05-30,17:00,EK,0,224.02,14,no,partial,openflights_route+derived_fields,2026-04-01T00:00:00Z,source-grounded-v1
FL-DXB-SIN-0510,DXB,SIN,2026-05-10,14:00,2026-05-10,22:00,EK,0,453.32,15,yes,partial,openflights_route+derived_fields,2026-04-01T00:00:00Z,source-grounded-v1
FL-DXB-SIN-0514,DXB,SIN,2026-05-14,14:00,2026-05-14,22:00,EK,0,437.92,15,yes,flexible,openflights_route+derived_fields,2026-04-01T00:00:00Z,source-grounded-v1
FL-DXB-SIN-0518,DXB,SIN,2026-05-18,13:00,2026-05-18,21:00,EK,0,442.69,11,yes,flexible,openflights_route+derived_fields,2026-04-01T00:00:00Z,source-grounded-v1
FL-DXB-SIN-0522,DXB,SIN,2026-05-22,12:00,2026-05-22,20:00,EK,0,442.83,8,no,flexible,openflights_route+derived_fields,2026-04-01T00:00:00Z,source-grounded-v1
FL-DXB-SIN-0526,DXB,SIN,2026-05-26,06:00,2026-05-26,14:00,EK,0,463.82,17,yes,flexible,openflights_route+derived_fields,2026-04-01T00:00:00Z,source-grounded-v1
FL-DXB-SIN-0530,DXB,SIN,2026-05-30,06:00,2026-05-30,14:00,EK,0,432.48,14,yes,flexible,openflights_route+derived_fields,2026-04-01T00:00:00Z,source-grounded-v1
FL-ISB-BKK-0510,ISB,BKK,2026-05-10,09:00,2026-05-10,14:00,TG,0,336.69,16,yes,flexible,openflights_route+derived_fields,2026-04-01T00:00:00Z,source-grounded-v1
FL-ISB-BKK-0514,ISB,BKK,2026-05-14,10:00,2026-05-14,15:00,TG,0,305.15,4,no,partial,openflights_route+derived_fields,2026-04-01T00:00:00Z,source-grounded-v1
FL-ISB-BKK-0518,ISB,BKK,2026-05-18,12:00,2026-05-18,17:00,TG,0,293.96,9,yes,flexible,openflights_route+derived_fields,2026-04-01T00:00:00Z,source-grounded-v1
FL-ISB-BKK-0522,ISB,BKK,2026-05-22,10:00,2026-05-22,15:00,TG,0,324.91,14,no,partial,openflights_route+derived_fields,2026-04-01T00:00:00Z,source-grounded-v1
FL-ISB-BKK-0526,ISB,BKK,2026-05-26,08:00,2026-05-26,13:00,TG,0,307.02,5,yes,partial,openflights_route+derived_fields,2026-04-01T00:00:00Z,source-grounded-v1
FL-ISB-BKK-0530,ISB,BKK,2026-05-30,10:00,2026-05-30,15:00,TG,0,318.96,17,yes,partial,openflights_route+derived_fields,2026-04-01T00:00:00Z,source-grounded-v1
FL-ISB-DXB-0510,ISB,DXB,2026-05-10,10:00,2026-05-10,13:00,EK,0,239.73,11,yes,flexible,openflights_route+derived_fields,2026-04-01T00:00:00Z,source-grounded-v1
FL-ISB-DXB-0514,ISB,DXB,2026-05-14,12:00,2026-05-14,15:00,EK,0,216.52,12,yes,partial,openflights_route+derived_fields,2026-04-01T00:00:00Z,source-grounded-v1
FL-ISB-DXB-0518,ISB,DXB,2026-05-18,07:00,2026-05-18,10:00,EK,0,199.96,16,yes,flexible,openflights_route+derived_fields,2026-04-01T00:00:00Z,source-grounded-v1
FL-ISB-DXB-0522,ISB,DXB,2026-05-22,07:00,2026-05-22,10:00,EK,0,239.80,12,yes,flexible,openflights_route+derived_fields,2026-04-01T00:00:00Z,source-grounded-v1
FL-ISB-DXB-0526,ISB,DXB,2026-05-26,08:00,2026-05-26,11:00,EK,0,240.46,7,yes,flexible,openflights_route+derived_fields,2026-04-01T00:00:00Z,source-grounded-v1
FL-ISB-DXB-0530,ISB,DXB,2026-05-30,11:00,2026-05-30,14:00,EK,0,224.32,9,yes,flexible,openflights_route+derived_fields,2026-04-01T00:00:00Z,source-grounded-v1
FL-ISB-IST-0510,ISB,IST,2026-05-10,09:00,2026-05-10,14:00,TK,0,319.51,11,no,flexible,openflights_route+derived_fields,2026-04-01T00:00:00Z,source-grounded-v1
FL-ISB-IST-0514,ISB,IST,2026-05-14,14:00,2026-05-14,19:00,TK,0,345.83,5,yes,partial,openflights_route+derived_fields,2026-04-01T00:00:00Z,source-grounded-v1
FL-ISB-IST-0518,ISB,IST,2026-05-18,13:00,2026-05-18,18:00,TK,0,353.30,8,yes,flexible,openflights_route+derived_fields,2026-04-01T00:00:00Z,source-grounded-v1
FL-ISB-IST-0522,ISB,IST,2026-05-22,09:00,2026-05-22,14:00,TK,0,327.43,8,no,partial,openflights_route+derived_fields,2026-04-01T00:00:00Z,source-grounded-v1
FL-ISB-IST-0526,ISB,IST,2026-05-26,10:00,2026-05-26,15:00,TK,0,338.99,6,yes,partial,openflights_route+derived_fields,2026-04-01T00:00:00Z,source-grounded-v1
FL-ISB-IST-0530,ISB,IST,2026-05-30,08:00,2026-05-30,13:00,TK,0,358.09,17,yes,partial,openflights_route+derived_fields,2026-04-01T00:00:00Z,source-grounded-v1
FL-ISB-KHI-0510,ISB,KHI,2026-05-10,10:00,2026-05-10,12:00,I6,0,187.08,17,yes,flexible,openflights_route+derived_fields,2026-04-01T00:00:00Z,source-grounded-v1
FL-ISB-KHI-0514,ISB,KHI,2026-05-14,12:00,2026-05-14,14:00,I6,0,187.66,16,yes,flexible,openflights_route+derived_fields,2026-04-01T00:00:00Z,source-grounded-v1
FL-ISB-KHI-0518,ISB,KHI,2026-05-18,06:00,2026-05-18,08:00,I6,0,151.05,12,yes,flexible,openflights_route+derived_fields,2026-04-01T00:00:00Z,source-grounded-v1
FL-ISB-KHI-0522,ISB,KHI,2026-05-22,09:00,2026-05-22,11:00,I6,0,182.00,16,yes,partial,openflights_route+derived_fields,2026-04-01T00:00:00Z,source-grounded-v1
FL-ISB-KHI-0526,ISB,KHI,2026-05-26,09:00,2026-05-26,11:00,I6,0,182.22,4,yes,flexible,openflights_route+derived_fields,2026-04-01T00:00:00Z,source-grounded-v1
FL-ISB-KHI-0530,ISB,KHI,2026-05-30,12:00,2026-05-30,14:00,I6,0,165.28,16,yes,partial,openflights_route+derived_fields,2026-04-01T00:00:00Z,source-grounded-v1
FL-ISB-LHE-0510,ISB,LHE,2026-05-10,11:00,2026-05-10,13:00,PK,0,130.63,11,yes,partial,openflights_route+derived_fields,2026-04-01T00:00:00Z,source-grounded-v1
FL-ISB-LHE-0514,ISB,LHE,2026-05-14,08:00,2026-05-14,10:00,PK,0,141.96,17,yes,partial,openflights_route+derived_fields,2026-04-01T00:00:00Z,source-grounded-v1
FL-ISB-LHE-0518,ISB,LHE,2026-05-18,12:00,2026-05-18,14:00,PK,0,112.24,17,yes,flexible,openflights_route+derived_fields,2026-04-01T00:00:00Z,source-grounded-v1
FL-ISB-LHE-0522,ISB,LHE,2026-05-22,14:00,2026-05-22,16:00,PK,0,121.97,9,yes,flexible,openflights_route+derived_fields,2026-04-01T00:00:00Z,source-grounded-v1
FL-ISB-LHE-0526,ISB,LHE,2026-05-26,11:00,2026-05-26,13:00,PK,0,111.40,18,yes,flexible,openflights_route+derived_fields,2026-04-01T00:00:00Z,source-grounded-v1
FL-ISB-LHE-0530,ISB,LHE,2026-05-30,13:00,2026-05-30,15:00,PK,0,127.40,9,yes,partial,openflights_route+derived_fields,2026-04-01T00:00:00Z,source-grounded-v1
FL-IST-BKK-0510,IST,BKK,2026-05-10,11:00,2026-05-10,21:00,TG,0,520.83,7,no,partial,openflights_route+derived_fields,2026-04-01T00:00:00Z,source-grounded-v1
FL-IST-BKK-0514,IST,BKK,2026-05-14,14:00,2026-05-14,23:00,TG,0,557.52,18,yes,partial,openflights_route+derived_fields,2026-04-01T00:00:00Z,source-grounded-v1
FL-IST-BKK-0518,IST,BKK,2026-05-18,14:00,2026-05-18,23:00,TG,0,563.00,17,yes,partial,openflights_route+derived_fields,2026-04-01T00:00:00Z,source-grounded-v1
FL-IST-BKK-0522,IST,BKK,2026-05-22,13:00,2026-05-22,23:00,TG,0,524.68,15,yes,flexible,openflights_route+derived_fields,2026-04-01T00:00:00Z,source-grounded-v1
FL-IST-BKK-0526,IST,BKK,2026-05-26,12:00,2026-05-26,22:00,TG,0,539.20,15,yes,flexible,openflights_route+derived_fields,2026-04-01T00:00:00Z,source-grounded-v1
FL-IST-BKK-0530,IST,BKK,2026-05-30,08:00,2026-05-30,18:00,TG,0,528.46,10,yes,flexible,openflights_route+derived_fields,2026-04-01T00:00:00Z,source-grounded-v1
FL-IST-DXB-0510,IST,DXB,2026-05-10,06:00,2026-05-10,10:00,EK,0,270.92,4,no,partial,openflights_route+derived_fields,2026-04-01T00:00:00Z,source-grounded-v1
FL-IST-DXB-0514,IST,DXB,2026-05-14,07:00,2026-05-14,11:00,EK,0,282.20,7,yes,flexible,openflights_route+derived_fields,2026-04-01T00:00:00Z,source-grounded-v1
FL-IST-DXB-0518,IST,DXB,2026-05-18,09:00,2026-05-18,13:00,EK,0,283.40,11,yes,flexible,openflights_route+derived_fields,2026-04-01T00:00:00Z,source-grounded-v1
FL-IST-DXB-0522,IST,DXB,2026-05-22,10:00,2026-05-22,14:00,EK,0,280.66,4,yes,flexible,openflights_route+derived_fields,2026-04-01T00:00:00Z,source-grounded-v1
FL-IST-DXB-0526,IST,DXB,2026-05-26,06:00,2026-05-26,10:00,EK,0,304.43,16,no,flexible,openflights_route+derived_fields,2026-04-01T00:00:00Z,source-grounded-v1
FL-IST-DXB-0530,IST,DXB,2026-05-30,06:00,2026-05-30,10:00,EK,0,301.22,8,yes,flexible,openflights_route+derived_fields,2026-04-01T00:00:00Z,source-grounded-v1
FL-IST-ISB-0510,IST,ISB,2026-05-10,09:00,2026-05-10,14:00,TK,0,345.59,18,no,flexible,openflights_route+derived_fields,2026-04-01T00:00:00Z,source-grounded-v1
FL-IST-ISB-0514,IST,ISB,2026-05-14,12:00,2026-05-14,17:00,TK,0,314.63,17,yes,flexible,openflights_route+derived_fields,2026-04-01T00:00:00Z,source-grounded-v1
FL-IST-ISB-0518,IST,ISB,2026-05-18,13:00,2026-05-18,18:00,TK,0,332.60,15,yes,flexible,openflights_route+derived_fields,2026-04-01T00:00:00Z,source-grounded-v1
FL-IST-ISB-0522,IST,ISB,2026-05-22,13:00,2026-05-22,18:00,TK,0,336.93,4,yes,flexible,openflights_route+derived_fields,2026-04-01T00:00:00Z,source-grounded-v1
FL-IST-ISB-0526,IST,ISB,2026-05-26,08:00,2026-05-26,13:00,TK,0,322.47,16,yes,partial,openflights_route+derived_fields,2026-04-01T00:00:00Z,source-grounded-v1
FL-IST-ISB-0530,IST,ISB,2026-05-30,10:00,2026-05-30,15:00,TK,0,358.62,14,yes,flexible,openflights_route+derived_fields,2026-04-01T00:00:00Z,source-grounded-v1
FL-IST-KHI-0510,IST,KHI,2026-05-10,07:00,2026-05-10,13:00,TK,0,329.83,8,yes,partial,openflights_route+derived_fields,2026-04-01T00:00:00Z,source-grounded-v1
FL-IST-KHI-0514,IST,KHI,2026-05-14,12:00,2026-05-14,18:00,TK,0,355.93,15,no,flexible,openflights_route+derived_fields,2026-04-01T00:00:00Z,source-grounded-v1
FL-IST-KHI-0518,IST,KHI,2026-05-18,13:00,2026-05-18,19:00,TK,0,319.99,12,no,flexible,openflights_route+derived_fields,2026-04-01T00:00:00Z,source-grounded-v1
FL-IST-KHI-0522,IST,KHI,2026-05-22,14:00,2026-05-22,20:00,TK,0,331.31,9,yes,flexible,openflights_route+derived_fields,2026-04-01T00:00:00Z,source-grounded-v1
FL-IST-KHI-0526,IST,KHI,2026-05-26,14:00,2026-05-26,20:00,TK,0,335.69,14,yes,partial,openflights_route+derived_fields,2026-04-01T00:00:00Z,source-grounded-v1
FL-IST-KHI-0530,IST,KHI,2026-05-30,12:00,2026-05-30,18:00,TK,0,324.94,9,no,flexible,openflights_route+derived_fields,2026-04-01T00:00:00Z,source-grounded-v1
FL-IST-KUL-0510,IST,KUL,2026-05-10,07:00,2026-05-10,19:00,MH,0,578.58,8,yes,partial,openflights_route+derived_fields,2026-04-01T00:00:00Z,source-grounded-v1
FL-IST-KUL-0514,IST,KUL,2026-05-14,07:00,2026-05-14,19:00,MH,0,616.30,17,yes,flexible,openflights_route+derived_fields,2026-04-01T00:00:00Z,source-grounded-v1
FL-IST-KUL-0518,IST,KUL,2026-05-18,06:00,2026-05-18,18:00,MH,0,598.63,13,yes,flexible,openflights_route+derived_fields,2026-04-01T00:00:00Z,source-grounded-v1
FL-IST-KUL-0522,IST,KUL,2026-05-22,11:00,2026-05-22,23:00,MH,0,611.88,15,yes,flexible,openflights_route+derived_fields,2026-04-01T00:00:00Z,source-grounded-v1
FL-IST-KUL-0526,IST,KUL,2026-05-26,13:00,2026-05-26,23:00,MH,0,596.35,16,yes,flexible,openflights_route+derived_fields,2026-04-01T00:00:00Z,source-grounded-v1
FL-IST-KUL-0530,IST,KUL,2026-05-30,08:00,2026-05-30,20:00,MH,0,591.03,4,yes,flexible,openflights_route+derived_fields,2026-04-01T00:00:00Z,source-grounded-v1
FL-IST-LHE-0510,IST,LHE,2026-05-10,12:00,2026-05-10,18:00,TK,0,371.94,14,yes,flexible,openflights_route+derived_fields,2026-04-01T00:00:00Z,source-grounded-v1
FL-IST-LHE-0514,IST,LHE,2026-05-14,07:00,2026-05-14,13:00,TK,0,330.25,8,yes,partial,openflights_route+derived_fields,2026-04-01T00:00:00Z,source-grounded-v1
FL-IST-LHE-0518,IST,LHE,2026-05-18,06:00,2026-05-18,12:00,TK,0,336.34,18,yes,flexible,openflights_route+derived_fields,2026-04-01T00:00:00Z,source-grounded-v1
FL-IST-LHE-0522,IST,LHE,2026-05-22,13:00,2026-05-22,19:00,TK,0,365.83,15,yes,partial,openflights_route+derived_fields,2026-04-01T00:00:00Z,source-grounded-v1
FL-IST-LHE-0526,IST,LHE,2026-05-26,10:00,2026-05-26,16:00,TK,0,343.55,18,yes,partial,openflights_route+derived_fields,2026-04-01T00:00:00Z,source-grounded-v1
FL-IST-LHE-0530,IST,LHE,2026-05-30,11:00,2026-05-30,17:00,TK,0,371.13,6,yes,partial,openflights_route+derived_fields,2026-04-01T00:00:00Z,source-grounded-v1
FL-IST-SIN-0510,IST,SIN,2026-05-10,06:00,2026-05-10,18:00,GA,0,597.59,8,no,partial,openflights_route+derived_fields,2026-04-01T00:00:00Z,source-grounded-v1
FL-IST-SIN-0514,IST,SIN,2026-05-14,07:00,2026-05-14,19:00,GA,0,601.72,9,yes,flexible,openflights_route+derived_fields,2026-04-01T00:00:00Z,source-grounded-v1
FL-IST-SIN-0518,IST,SIN,2026-05-18,07:00,2026-05-18,19:00,GA,0,623.01,7,yes,flexible,openflights_route+derived_fields,2026-04-01T00:00:00Z,source-grounded-v1
FL-IST-SIN-0522,IST,SIN,2026-05-22,06:00,2026-05-22,18:00,GA,0,628.68,4,no,flexible,openflights_route+derived_fields,2026-04-01T00:00:00Z,source-grounded-v1
FL-IST-SIN-0526,IST,SIN,2026-05-26,08:00,2026-05-26,20:00,GA,0,622.56,6,yes,flexible,openflights_route+derived_fields,2026-04-01T00:00:00Z,source-grounded-v1
FL-IST-SIN-0530,IST,SIN,2026-05-30,10:00,2026-05-30,22:00,GA,0,591.23,10,yes,partial,openflights_route+derived_fields,2026-04-01T00:00:00Z,source-grounded-v1
FL-KHI-BKK-0510,KHI,BKK,2026-05-10,11:00,2026-05-10,16:00,CX,0,331.81,9,yes,flexible,openflights_route+derived_fields,2026-04-01T00:00:00Z,source-grounded-v1
FL-KHI-BKK-0514,KHI,BKK,2026-05-14,08:00,2026-05-14,13:00,CX,0,319.79,13,yes,partial,openflights_route+derived_fields,2026-04-01T00:00:00Z,source-grounded-v1
FL-KHI-BKK-0518,KHI,BKK,2026-05-18,14:00,2026-05-18,19:00,CX,0,330.77,18,yes,flexible,openflights_route+derived_fields,2026-04-01T00:00:00Z,source-grounded-v1
FL-KHI-BKK-0522,KHI,BKK,2026-05-22,13:00,2026-05-22,18:00,CX,0,336.69,10,yes,partial,openflights_route+derived_fields,2026-04-01T00:00:00Z,source-grounded-v1
FL-KHI-BKK-0526,KHI,BKK,2026-05-26,07:00,2026-05-26,12:00,CX,0,337.17,10,no,flexible,openflights_route+derived_fields,2026-04-01T00:00:00Z,source-grounded-v1
FL-KHI-BKK-0530,KHI,BKK,2026-05-30,11:00,2026-05-30,16:00,CX,0,306.37,12,no,flexible,openflights_route+derived_fields,2026-04-01T00:00:00Z,source-grounded-v1
FL-KHI-DXB-0510,KHI,DXB,2026-05-10,10:00,2026-05-10,12:00,EK,0,164.74,4,yes,partial,openflights_route+derived_fields,2026-04-01T00:00:00Z,source-grounded-v1
FL-KHI-DXB-0514,KHI,DXB,2026-05-14,06:00,2026-05-14,08:00,EK,0,157.57,10,no,partial,openflights_route+derived_fields,2026-04-01T00:00:00Z,source-grounded-v1
FL-KHI-DXB-0518,KHI,DXB,2026-05-18,10:00,2026-05-18,12:00,EK,0,179.89,14,no,flexible,openflights_route+derived_fields,2026-04-01T00:00:00Z,source-grounded-v1
FL-KHI-DXB-0522,KHI,DXB,2026-05-22,09:00,2026-05-22,11:00,EK,0,159.05,9,yes,flexible,openflights_route+derived_fields,2026-04-01T00:00:00Z,source-grounded-v1
FL-KHI-DXB-0526,KHI,DXB,2026-05-26,14:00,2026-05-26,16:00,EK,0,166.72,16,yes,partial,openflights_route+derived_fields,2026-04-01T00:00:00Z,source-grounded-v1
FL-KHI-DXB-0530,KHI,DXB,2026-05-30,12:00,2026-05-30,14:00,EK,0,171.63,7,no,partial,openflights_route+derived_fields,2026-04-01T00:00:00Z,source-grounded-v1
FL-KHI-ISB-0510,KHI,ISB,2026-05-10,14:00,2026-05-10,16:00,I6,0,160.12,8,yes,flexible,openflights_route+derived_fields,2026-04-01T00:00:00Z,source-grounded-v1
FL-KHI-ISB-0514,KHI,ISB,2026-05-14,14:00,2026-05-14,16:00,I6,0,163.23,5,no,flexible,openflights_route+derived_fields,2026-04-01T00:00:00Z,source-grounded-v1
FL-KHI-ISB-0518,KHI,ISB,2026-05-18,07:00,2026-05-18,09:00,I6,0,183.49,4,no,partial,openflights_route+derived_fields,2026-04-01T00:00:00Z,source-grounded-v1
FL-KHI-ISB-0522,KHI,ISB,2026-05-22,06:00,2026-05-22,08:00,I6,0,180.85,16,yes,partial,openflights_route+derived_fields,2026-04-01T00:00:00Z,source-grounded-v1
FL-KHI-ISB-0526,KHI,ISB,2026-05-26,13:00,2026-05-26,15:00,I6,0,161.94,14,yes,flexible,openflights_route+derived_fields,2026-04-01T00:00:00Z,source-grounded-v1
FL-KHI-ISB-0530,KHI,ISB,2026-05-30,08:00,2026-05-30,10:00,I6,0,173.78,13,yes,partial,openflights_route+derived_fields,2026-04-01T00:00:00Z,source-grounded-v1
FL-KHI-IST-0510,KHI,IST,2026-05-10,11:00,2026-05-10,17:00,TK,0,355.94,5,yes,partial,openflights_route+derived_fields,2026-04-01T00:00:00Z,source-grounded-v1
FL-KHI-IST-0514,KHI,IST,2026-05-14,12:00,2026-05-14,18:00,TK,0,346.07,14,yes,flexible,openflights_route+derived_fields,2026-04-01T00:00:00Z,source-grounded-v1
FL-KHI-IST-0518,KHI,IST,2026-05-18,10:00,2026-05-18,16:00,TK,0,351.12,17,yes,flexible,openflights_route+derived_fields,2026-04-01T00:00:00Z,source-grounded-v1
FL-KHI-IST-0522,KHI,IST,2026-05-22,06:00,2026-05-22,12:00,TK,0,327.02,11,yes,partial,openflights_route+derived_fields,2026-04-01T00:00:00Z,source-grounded-v1
FL-KHI-IST-0526,KHI,IST,2026-05-26,08:00,2026-05-26,14:00,TK,0,344.74,8,no,flexible,openflights_route+derived_fields,2026-04-01T00:00:00Z,source-grounded-v1
FL-KHI-IST-0530,KHI,IST,2026-05-30,11:00,2026-05-30,17:00,TK,0,339.92,17,yes,partial,openflights_route+derived_fields,2026-04-01T00:00:00Z,source-grounded-v1
FL-KHI-KUL-0510,KHI,KUL,2026-05-10,14:00,2026-05-10,20:00,PK,0,350.23,10,yes,partial,openflights_route+derived_fields,2026-04-01T00:00:00Z,source-grounded-v1
FL-KHI-KUL-0514,KHI,KUL,2026-05-14,08:00,2026-05-14,14:00,PK,0,379.24,15,yes,flexible,openflights_route+derived_fields,2026-04-01T00:00:00Z,source-grounded-v1
FL-KHI-KUL-0518,KHI,KUL,2026-05-18,10:00,2026-05-18,16:00,PK,0,355.61,13,yes,flexible,openflights_route+derived_fields,2026-04-01T00:00:00Z,source-grounded-v1
FL-KHI-KUL-0522,KHI,KUL,2026-05-22,13:00,2026-05-22,19:00,PK,0,377.98,18,yes,flexible,openflights_route+derived_fields,2026-04-01T00:00:00Z,source-grounded-v1
FL-KHI-KUL-0526,KHI,KUL,2026-05-26,06:00,2026-05-26,12:00,PK,0,364.04,4,yes,partial,openflights_route+derived_fields,2026-04-01T00:00:00Z,source-grounded-v1
FL-KHI-KUL-0530,KHI,KUL,2026-05-30,14:00,2026-05-30,20:00,PK,0,348.18,11,yes,flexible,openflights_route+derived_fields,2026-04-01T00:00:00Z,source-grounded-v1
FL-KHI-LHE-0510,KHI,LHE,2026-05-10,07:00,2026-05-10,09:00,I6,0,152.71,17,no,partial,openflights_route+derived_fields,2026-04-01T00:00:00Z,source-grounded-v1
FL-KHI-LHE-0514,KHI,LHE,2026-05-14,11:00,2026-05-14,13:00,I6,0,147.57,17,yes,flexible,openflights_route+derived_fields,2026-04-01T00:00:00Z,source-grounded-v1
FL-KHI-LHE-0518,KHI,LHE,2026-05-18,14:00,2026-05-18,16:00,I6,0,184.40,9,yes,partial,openflights_route+derived_fields,2026-04-01T00:00:00Z,source-grounded-v1
FL-KHI-LHE-0522,KHI,LHE,2026-05-22,08:00,2026-05-22,10:00,I6,0,153.05,9,yes,flexible,openflights_route+derived_fields,2026-04-01T00:00:00Z,source-grounded-v1
FL-KHI-LHE-0526,KHI,LHE,2026-05-26,11:00,2026-05-26,13:00,I6,0,164.18,12,yes,partial,openflights_route+derived_fields,2026-04-01T00:00:00Z,source-grounded-v1
FL-KHI-LHE-0530,KHI,LHE,2026-05-30,11:00,2026-05-30,13:00,I6,0,177.29,7,yes,partial,openflights_route+derived_fields,2026-04-01T00:00:00Z,source-grounded-v1
FL-KUL-BKK-0510,KUL,BKK,2026-05-10,14:00,2026-05-10,16:00,AA,0,170.66,6,yes,flexible,openflights_route+derived_fields,2026-04-01T00:00:00Z,source-grounded-v1
FL-KUL-BKK-0514,KUL,BKK,2026-05-14,10:00,2026-05-14,12:00,AA,0,178.96,12,no,partial,openflights_route+derived_fields,2026-04-01T00:00:00Z,source-grounded-v1
FL-KUL-BKK-0518,KUL,BKK,2026-05-18,10:00,2026-05-18,12:00,AA,0,167.26,6,no,partial,openflights_route+derived_fields,2026-04-01T00:00:00Z,source-grounded-v1
FL-KUL-BKK-0522,KUL,BKK,2026-05-22,09:00,2026-05-22,11:00,AA,0,171.47,18,yes,flexible,openflights_route+derived_fields,2026-04-01T00:00:00Z,source-grounded-v1
FL-KUL-BKK-0526,KUL,BKK,2026-05-26,11:00,2026-05-26,13:00,AA,0,196.59,8,yes,partial,openflights_route+derived_fields,2026-04-01T00:00:00Z,source-grounded-v1
FL-KUL-BKK-0530,KUL,BKK,2026-05-30,14:00,2026-05-30,16:00,AA,0,168.03,18,yes,partial,openflights_route+derived_fields,2026-04-01T00:00:00Z,source-grounded-v1
FL-KUL-DXB-0510,KUL,DXB,2026-05-10,12:00,2026-05-10,20:00,EK,0,419.99,6,yes,partial,openflights_route+derived_fields,2026-04-01T00:00:00Z,source-grounded-v1
FL-KUL-DXB-0514,KUL,DXB,2026-05-14,10:00,2026-05-14,18:00,EK,0,421.12,10,yes,flexible,openflights_route+derived_fields,2026-04-01T00:00:00Z,source-grounded-v1
FL-KUL-DXB-0518,KUL,DXB,2026-05-18,14:00,2026-05-18,22:00,EK,0,446.45,4,yes,partial,openflights_route+derived_fields,2026-04-01T00:00:00Z,source-grounded-v1
FL-KUL-DXB-0522,KUL,DXB,2026-05-22,07:00,2026-05-22,15:00,EK,0,409.39,16,yes,partial,openflights_route+derived_fields,2026-04-01T00:00:00Z,source-grounded-v1
FL-KUL-DXB-0526,KUL,DXB,2026-05-26,12:00,2026-05-26,20:00,EK,0,437.67,4,yes,partial,openflights_route+derived_fields,2026-04-01T00:00:00Z,source-grounded-v1
FL-KUL-DXB-0530,KUL,DXB,2026-05-30,06:00,2026-05-30,14:00,EK,0,421.99,13,no,partial,openflights_route+derived_fields,2026-04-01T00:00:00Z,source-grounded-v1
FL-KUL-IST-0510,KUL,IST,2026-05-10,07:00,2026-05-10,19:00,MH,0,576.18,11,yes,flexible,openflights_route+derived_fields,2026-04-01T00:00:00Z,source-grounded-v1
FL-KUL-IST-0514,KUL,IST,2026-05-14,08:00,2026-05-14,20:00,MH,0,612.16,5,yes,flexible,openflights_route+derived_fields,2026-04-01T00:00:00Z,source-grounded-v1
FL-KUL-IST-0518,KUL,IST,2026-05-18,14:00,2026-05-18,23:00,MH,0,593.37,15,yes,flexible,openflights_route+derived_fields,2026-04-01T00:00:00Z,source-grounded-v1
FL-KUL-IST-0522,KUL,IST,2026-05-22,12:00,2026-05-22,23:00,MH,0,576.11,18,no,flexible,openflights_route+derived_fields,2026-04-01T00:00:00Z,source-grounded-v1
FL-KUL-IST-0526,KUL,IST,2026-05-26,10:00,2026-05-26,22:00,MH,0,599.27,17,yes,flexible,openflights_route+derived_fields,2026-04-01T00:00:00Z,source-grounded-v1
FL-KUL-IST-0530,KUL,IST,2026-05-30,06:00,2026-05-30,18:00,MH,0,578.63,13,yes,flexible,openflights_route+derived_fields,2026-04-01T00:00:00Z,source-grounded-v1
FL-KUL-KHI-0510,KUL,KHI,2026-05-10,11:00,2026-05-10,17:00,PK,0,372.09,5,yes,partial,openflights_route+derived_fields,2026-04-01T00:00:00Z,source-grounded-v1
FL-KUL-KHI-0514,KUL,KHI,2026-05-14,07:00,2026-05-14,13:00,PK,0,384.73,7,yes,partial,openflights_route+derived_fields,2026-04-01T00:00:00Z,source-grounded-v1
FL-KUL-KHI-0518,KUL,KHI,2026-05-18,11:00,2026-05-18,17:00,PK,0,345.64,14,yes,partial,openflights_route+derived_fields,2026-04-01T00:00:00Z,source-grounded-v1
FL-KUL-KHI-0522,KUL,KHI,2026-05-22,11:00,2026-05-22,17:00,PK,0,366.81,13,yes,partial,openflights_route+derived_fields,2026-04-01T00:00:00Z,source-grounded-v1
FL-KUL-KHI-0526,KUL,KHI,2026-05-26,13:00,2026-05-26,19:00,PK,0,358.82,12,yes,flexible,openflights_route+derived_fields,2026-04-01T00:00:00Z,source-grounded-v1
FL-KUL-KHI-0530,KUL,KHI,2026-05-30,13:00,2026-05-30,19:00,PK,0,376.65,16,yes,flexible,openflights_route+derived_fields,2026-04-01T00:00:00Z,source-grounded-v1
FL-KUL-LHE-0510,KUL,LHE,2026-05-10,13:00,2026-05-10,19:00,PK,0,340.25,12,yes,flexible,openflights_route+derived_fields,2026-04-01T00:00:00Z,source-grounded-v1
FL-KUL-LHE-0514,KUL,LHE,2026-05-14,06:00,2026-05-14,12:00,PK,0,370.34,6,yes,partial,openflights_route+derived_fields,2026-04-01T00:00:00Z,source-grounded-v1
FL-KUL-LHE-0518,KUL,LHE,2026-05-18,08:00,2026-05-18,14:00,PK,0,342.92,10,yes,flexible,openflights_route+derived_fields,2026-04-01T00:00:00Z,source-grounded-v1
FL-KUL-LHE-0522,KUL,LHE,2026-05-22,07:00,2026-05-22,13:00,PK,0,367.36,14,yes,partial,openflights_route+derived_fields,2026-04-01T00:00:00Z,source-grounded-v1
FL-KUL-LHE-0526,KUL,LHE,2026-05-26,07:00,2026-05-26,13:00,PK,0,349.72,15,yes,flexible,openflights_route+derived_fields,2026-04-01T00:00:00Z,source-grounded-v1
FL-KUL-LHE-0530,KUL,LHE,2026-05-30,06:00,2026-05-30,12:00,PK,0,352.91,10,no,flexible,openflights_route+derived_fields,2026-04-01T00:00:00Z,source-grounded-v1
FL-KUL-SIN-0510,KUL,SIN,2026-05-10,07:00,2026-05-10,09:00,3K,0,144.09,15,yes,flexible,openflights_route+derived_fields,2026-04-01T00:00:00Z,source-grounded-v1
FL-KUL-SIN-0514,KUL,SIN,2026-05-14,13:00,2026-05-14,15:00,3K,0,145.49,14,no,partial,openflights_route+derived_fields,2026-04-01T00:00:00Z,source-grounded-v1
FL-KUL-SIN-0518,KUL,SIN,2026-05-18,08:00,2026-05-18,10:00,3K,0,147.05,13,yes,partial,openflights_route+derived_fields,2026-04-01T00:00:00Z,source-grounded-v1
FL-KUL-SIN-0522,KUL,SIN,2026-05-22,08:00,2026-05-22,10:00,3K,0,107.20,7,no,partial,openflights_route+derived_fields,2026-04-01T00:00:00Z,source-grounded-v1
FL-KUL-SIN-0526,KUL,SIN,2026-05-26,06:00,2026-05-26,08:00,3K,0,146.61,9,yes,partial,openflights_route+derived_fields,2026-04-01T00:00:00Z,source-grounded-v1
FL-KUL-SIN-0530,KUL,SIN,2026-05-30,08:00,2026-05-30,10:00,3K,0,132.21,8,yes,partial,openflights_route+derived_fields,2026-04-01T00:00:00Z,source-grounded-v1
FL-LHE-BKK-0510,LHE,BKK,2026-05-10,14:00,2026-05-10,19:00,TG,0,299.41,5,yes,partial,openflights_route+derived_fields,2026-04-01T00:00:00Z,source-grounded-v1
FL-LHE-BKK-0514,LHE,BKK,2026-05-14,06:00,2026-05-14,11:00,TG,0,279.88,9,yes,partial,openflights_route+derived_fields,2026-04-01T00:00:00Z,source-grounded-v1
FL-LHE-BKK-0518,LHE,BKK,2026-05-18,12:00,2026-05-18,17:00,TG,0,294.66,6,yes,flexible,openflights_route+derived_fields,2026-04-01T00:00:00Z,source-grounded-v1
FL-LHE-BKK-0522,LHE,BKK,2026-05-22,11:00,2026-05-22,16:00,TG,0,287.39,15,yes,flexible,openflights_route+derived_fields,2026-04-01T00:00:00Z,source-grounded-v1
FL-LHE-BKK-0526,LHE,BKK,2026-05-26,10:00,2026-05-26,15:00,TG,0,289.99,8,yes,partial,openflights_route+derived_fields,2026-04-01T00:00:00Z,source-grounded-v1
FL-LHE-BKK-0530,LHE,BKK,2026-05-30,07:00,2026-05-30,12:00,TG,0,316.97,7,yes,partial,openflights_route+derived_fields,2026-04-01T00:00:00Z,source-grounded-v1
FL-LHE-DXB-0510,LHE,DXB,2026-05-10,07:00,2026-05-10,10:00,EK,0,242.45,13,yes,flexible,openflights_route+derived_fields,2026-04-01T00:00:00Z,source-grounded-v1
FL-LHE-DXB-0514,LHE,DXB,2026-05-14,14:00,2026-05-14,17:00,EK,0,216.67,13,yes,partial,openflights_route+derived_fields,2026-04-01T00:00:00Z,source-grounded-v1
FL-LHE-DXB-0518,LHE,DXB,2026-05-18,14:00,2026-05-18,17:00,EK,0,243.93,10,no,partial,openflights_route+derived_fields,2026-04-01T00:00:00Z,source-grounded-v1
FL-LHE-DXB-0522,LHE,DXB,2026-05-22,07:00,2026-05-22,10:00,EK,0,244.96,17,yes,flexible,openflights_route+derived_fields,2026-04-01T00:00:00Z,source-grounded-v1
FL-LHE-DXB-0526,LHE,DXB,2026-05-26,08:00,2026-05-26,11:00,EK,0,213.52,10,yes,partial,openflights_route+derived_fields,2026-04-01T00:00:00Z,source-grounded-v1
FL-LHE-DXB-0530,LHE,DXB,2026-05-30,09:00,2026-05-30,12:00,EK,0,217.64,14,yes,partial,openflights_route+derived_fields,2026-04-01T00:00:00Z,source-grounded-v1
FL-LHE-ISB-0510,LHE,ISB,2026-05-10,08:00,2026-05-10,10:00,PK,0,140.37,6,yes,flexible,openflights_route+derived_fields,2026-04-01T00:00:00Z,source-grounded-v1
FL-LHE-ISB-0514,LHE,ISB,2026-05-14,11:00,2026-05-14,13:00,PK,0,117.32,14,yes,flexible,openflights_route+derived_fields,2026-04-01T00:00:00Z,source-grounded-v1
FL-LHE-ISB-0518,LHE,ISB,2026-05-18,14:00,2026-05-18,16:00,PK,0,108.40,10,yes,flexible,openflights_route+derived_fields,2026-04-01T00:00:00Z,source-grounded-v1
FL-LHE-ISB-0522,LHE,ISB,2026-05-22,12:00,2026-05-22,14:00,PK,0,112.07,7,no,flexible,openflights_route+derived_fields,2026-04-01T00:00:00Z,source-grounded-v1
FL-LHE-ISB-0526,LHE,ISB,2026-05-26,13:00,2026-05-26,15:00,PK,0,105.53,11,yes,flexible,openflights_route+derived_fields,2026-04-01T00:00:00Z,source-grounded-v1
FL-LHE-ISB-0530,LHE,ISB,2026-05-30,14:00,2026-05-30,16:00,PK,0,103.44,11,yes,partial,openflights_route+derived_fields,2026-04-01T00:00:00Z,source-grounded-v1
FL-LHE-IST-0510,LHE,IST,2026-05-10,13:00,2026-05-10,19:00,TK,0,342.64,8,yes,partial,openflights_route+derived_fields,2026-04-01T00:00:00Z,source-grounded-v1
FL-LHE-IST-0514,LHE,IST,2026-05-14,14:00,2026-05-14,20:00,TK,0,372.10,10,yes,partial,openflights_route+derived_fields,2026-04-01T00:00:00Z,source-grounded-v1
FL-LHE-IST-0518,LHE,IST,2026-05-18,14:00,2026-05-18,20:00,TK,0,370.79,5,no,flexible,openflights_route+derived_fields,2026-04-01T00:00:00Z,source-grounded-v1
FL-LHE-IST-0522,LHE,IST,2026-05-22,07:00,2026-05-22,13:00,TK,0,363.21,6,yes,partial,openflights_route+derived_fields,2026-04-01T00:00:00Z,source-grounded-v1
FL-LHE-IST-0526,LHE,IST,2026-05-26,13:00,2026-05-26,19:00,TK,0,366.44,6,yes,flexible,openflights_route+derived_fields,2026-04-01T00:00:00Z,source-grounded-v1
FL-LHE-IST-0530,LHE,IST,2026-05-30,08:00,2026-05-30,14:00,TK,0,368.75,14,yes,flexible,openflights_route+derived_fields,2026-04-01T00:00:00Z,source-grounded-v1
FL-LHE-KHI-0510,LHE,KHI,2026-05-10,08:00,2026-05-10,10:00,I6,0,166.84,6,no,partial,openflights_route+derived_fields,2026-04-01T00:00:00Z,source-grounded-v1
FL-LHE-KHI-0514,LHE,KHI,2026-05-14,08:00,2026-05-14,10:00,I6,0,166.36,7,no,partial,openflights_route+derived_fields,2026-04-01T00:00:00Z,source-grounded-v1
FL-LHE-KHI-0518,LHE,KHI,2026-05-18,14:00,2026-05-18,16:00,I6,0,176.34,6,yes,partial,openflights_route+derived_fields,2026-04-01T00:00:00Z,source-grounded-v1
FL-LHE-KHI-0522,LHE,KHI,2026-05-22,11:00,2026-05-22,13:00,I6,0,159.45,7,no,flexible,openflights_route+derived_fields,2026-04-01T00:00:00Z,source-grounded-v1
FL-LHE-KHI-0526,LHE,KHI,2026-05-26,09:00,2026-05-26,11:00,I6,0,164.30,8,yes,partial,openflights_route+derived_fields,2026-04-01T00:00:00Z,source-grounded-v1
FL-LHE-KHI-0530,LHE,KHI,2026-05-30,06:00,2026-05-30,08:00,I6,0,176.05,15,no,flexible,openflights_route+derived_fields,2026-04-01T00:00:00Z,source-grounded-v1
FL-LHE-KUL-0510,LHE,KUL,2026-05-10,07:00,2026-05-10,13:00,PK,0,363.20,5,yes,partial,openflights_route+derived_fields,2026-04-01T00:00:00Z,source-grounded-v1
FL-LHE-KUL-0514,LHE,KUL,2026-05-14,06:00,2026-05-14,12:00,PK,0,354.77,6,yes,flexible,openflights_route+derived_fields,2026-04-01T00:00:00Z,source-grounded-v1
FL-LHE-KUL-0518,LHE,KUL,2026-05-18,08:00,2026-05-18,14:00,PK,0,357.38,4,yes,flexible,openflights_route+derived_fields,2026-04-01T00:00:00Z,source-grounded-v1
FL-LHE-KUL-0522,LHE,KUL,2026-05-22,08:00,2026-05-22,14:00,PK,0,337.86,11,yes,partial,openflights_route+derived_fields,2026-04-01T00:00:00Z,source-grounded-v1
FL-LHE-KUL-0526,LHE,KUL,2026-05-26,06:00,2026-05-26,12:00,PK,0,349.67,4,no,flexible,openflights_route+derived_fields,2026-04-01T00:00:00Z,source-grounded-v1
FL-LHE-KUL-0530,LHE,KUL,2026-05-30,13:00,2026-05-30,19:00,PK,0,375.54,10,no,flexible,openflights_route+derived_fields,2026-04-01T00:00:00Z,source-grounded-v1
FL-SIN-BKK-0510,SIN,BKK,2026-05-10,14:00,2026-05-10,16:00,3K,0,168.38,12,no,flexible,openflights_route+derived_fields,2026-04-01T00:00:00Z,source-grounded-v1
FL-SIN-BKK-0514,SIN,BKK,2026-05-14,14:00,2026-05-14,16:00,3K,0,205.91,16,yes,partial,openflights_route+derived_fields,2026-04-01T00:00:00Z,source-grounded-v1
FL-SIN-BKK-0518,SIN,BKK,2026-05-18,09:00,2026-05-18,11:00,3K,0,209.48,11,yes,flexible,openflights_route+derived_fields,2026-04-01T00:00:00Z,source-grounded-v1
FL-SIN-BKK-0522,SIN,BKK,2026-05-22,06:00,2026-05-22,08:00,3K,0,179.68,17,yes,partial,openflights_route+derived_fields,2026-04-01T00:00:00Z,source-grounded-v1
FL-SIN-BKK-0526,SIN,BKK,2026-05-26,10:00,2026-05-26,12:00,3K,0,198.37,12,yes,partial,openflights_route+derived_fields,2026-04-01T00:00:00Z,source-grounded-v1
FL-SIN-BKK-0530,SIN,BKK,2026-05-30,07:00,2026-05-30,09:00,3K,0,180.65,13,yes,flexible,openflights_route+derived_fields,2026-04-01T00:00:00Z,source-grounded-v1
FL-SIN-DXB-0510,SIN,DXB,2026-05-10,13:00,2026-05-10,21:00,EK,0,438.91,4,yes,partial,openflights_route+derived_fields,2026-04-01T00:00:00Z,source-grounded-v1
FL-SIN-DXB-0514,SIN,DXB,2026-05-14,12:00,2026-05-14,20:00,EK,0,432.78,9,yes,flexible,openflights_route+derived_fields,2026-04-01T00:00:00Z,source-grounded-v1
FL-SIN-DXB-0518,SIN,DXB,2026-05-18,14:00,2026-05-18,22:00,EK,0,458.28,6,yes,flexible,openflights_route+derived_fields,2026-04-01T00:00:00Z,source-grounded-v1
FL-SIN-DXB-0522,SIN,DXB,2026-05-22,14:00,2026-05-22,22:00,EK,0,438.58,10,yes,flexible,openflights_route+derived_fields,2026-04-01T00:00:00Z,source-grounded-v1
FL-SIN-DXB-0526,SIN,DXB,2026-05-26,11:00,2026-05-26,19:00,EK,0,441.69,11,yes,flexible,openflights_route+derived_fields,2026-04-01T00:00:00Z,source-grounded-v1
FL-SIN-DXB-0530,SIN,DXB,2026-05-30,10:00,2026-05-30,18:00,EK,0,424.82,12,yes,flexible,openflights_route+derived_fields,2026-04-01T00:00:00Z,source-grounded-v1
FL-SIN-IST-0510,SIN,IST,2026-05-10,09:00,2026-05-10,21:00,GA,0,617.00,10,yes,flexible,openflights_route+derived_fields,2026-04-01T00:00:00Z,source-grounded-v1
FL-SIN-IST-0514,SIN,IST,2026-05-14,13:00,2026-05-14,23:00,GA,0,592.04,15,yes,flexible,openflights_route+derived_fields,2026-04-01T00:00:00Z,source-grounded-v1
FL-SIN-IST-0518,SIN,IST,2026-05-18,13:00,2026-05-18,23:00,GA,0,632.60,6,yes,partial,openflights_route+derived_fields,2026-04-01T00:00:00Z,source-grounded-v1
FL-SIN-IST-0522,SIN,IST,2026-05-22,07:00,2026-05-22,19:00,GA,0,621.26,14,yes,partial,openflights_route+derived_fields,2026-04-01T00:00:00Z,source-grounded-v1
FL-SIN-IST-0526,SIN,IST,2026-05-26,13:00,2026-05-26,23:00,GA,0,589.39,5,yes,flexible,openflights_route+derived_fields,2026-04-01T00:00:00Z,source-grounded-v1
FL-SIN-IST-0530,SIN,IST,2026-05-30,11:00,2026-05-30,23:00,GA,0,609.06,14,yes,partial,openflights_route+derived_fields,2026-04-01T00:00:00Z,source-grounded-v1
FL-SIN-KUL-0510,SIN,KUL,2026-05-10,08:00,2026-05-10,10:00,3K,0,109.61,11,no,flexible,openflights_route+derived_fields,2026-04-01T00:00:00Z,source-grounded-v1
FL-SIN-KUL-0514,SIN,KUL,2026-05-14,12:00,2026-05-14,14:00,3K,0,105.47,10,yes,partial,openflights_route+derived_fields,2026-04-01T00:00:00Z,source-grounded-v1
FL-SIN-KUL-0518,SIN,KUL,2026-05-18,13:00,2026-05-18,15:00,3K,0,135.23,16,yes,partial,openflights_route+derived_fields,2026-04-01T00:00:00Z,source-grounded-v1
FL-SIN-KUL-0522,SIN,KUL,2026-05-22,12:00,2026-05-22,14:00,3K,0,124.11,14,yes,flexible,openflights_route+derived_fields,2026-04-01T00:00:00Z,source-grounded-v1
FL-SIN-KUL-0526,SIN,KUL,2026-05-26,11:00,2026-05-26,13:00,3K,0,104.04,17,yes,flexible,openflights_route+derived_fields,2026-04-01T00:00:00Z,source-grounded-v1
FL-SIN-KUL-0530,SIN,KUL,2026-05-30,08:00,2026-05-30,10:00,3K,0,129.64,5,no,partial,openflights_route+derived_fields,2026-04-01T00:00:00Z,source-grounded-v1
