route_id,city_id,from_node_type,from_node_id,to_node_type,to_node_id,travel_mode,estimated_duration_min,estimated_cost_usd,last_updated
RT-KHI-AIR-HT-KHI-01,KHI,airport,KHI,hotel,HT-KHI-01,taxi,40,12.20,2026-04-01T00:00:00Z
RT-HT-KHI-01-AT-KHI-01,KHI,hotel,HT-KHI-01,attraction,AT-KHI-01,taxi,10,1.57,2026-04-01T00:00:00Z
RT-HT-KHI-01-AT-KHI-02,KHI,hotel,HT-KHI-01,attraction,AT-KHI-02,taxi,10,1.91,2026-04-01T00:00:00Z
RT-HT-KHI-01-AT-KHI-03,KHI,hotel,HT-KHI-01,attraction,AT-KHI-03,taxi,10,2.24,2026-04-01T00:00:00Z
RT-HT-KHI-01-AT-KHI-04,KHI,hotel,HT-KHI-01,attraction,AT-KHI-04,taxi,17,2.58,2026-04-01T00:00:00Z
RT-HT-KHI-01-AT-KHI-05,KHI,hotel,HT-KHI-01,attraction,AT-KHI-05,taxi,10,2.92,2026-04-01T00:00:00Z
RT-HT-KHI-01-AT-KHI-06,KHI,hotel,HT-KHI-01,attraction,AT-KHI-06,taxi,12,3.26,2026-04-01T00:00:00Z
RT-KHI-AIR-HT-KHI-02,KHI,airport,KHI,hotel,HT-KHI-02,taxi,20,8.60,2026-04-01T00:00:00Z
RT-HT-KHI-02-AT-KHI-01,KHI,hotel,HT-KHI-02,attraction,AT-KHI-01,taxi,13,1.70,2026-04-01T00:00:00Z
RT-HT-KHI-02-AT-KHI-02,KHI,hotel,HT-KHI-02,attraction,AT-KHI-02,taxi,10,1.64,2026-04-01T00:00:00Z
RT-HT-KHI-02-AT-KHI-03,KHI,hotel,HT-KHI-02,attraction,AT-KHI-03,taxi,10,1.97,2026-04-01T00:00:00Z
RT-HT-KHI-02-AT-KHI-04,KHI,hotel,HT-KHI-02,attraction,AT-KHI-04,taxi,12,2.31,2026-04-01T00:00:00Z
RT-HT-KHI-02-AT-KHI-05,KHI,hotel,HT-KHI-02,attraction,AT-KHI-05,taxi,17,2.65,2026-04-01T00:00:00Z
RT-HT-KHI-02-AT-KHI-06,KHI,hotel,HT-KHI-02,attraction,AT-KHI-06,taxi,18,2.99,2026-04-01T00:00:00Z
RT-KHI-AIR-HT-KHI-03,KHI,airport,KHI,hotel,HT-KHI-03,taxi,33,10.94,2026-04-01T00:00:00Z
RT-HT-KHI-03-AT-KHI-01,KHI,hotel,HT-KHI-03,attraction,AT-KHI-01,taxi,10,1.97,2026-04-01T00:00:00Z
RT-HT-KHI-03-AT-KHI-02,KHI,hotel,HT-KHI-03,attraction,AT-KHI-02,taxi,10,1.64,2026-04-01T00:00:00Z
RT-HT-KHI-03-AT-KHI-03,KHI,hotel,HT-KHI-03,attraction,AT-KHI-03,taxi,13,1.70,2026-04-01T00:00:00Z
RT-HT-KHI-03-AT-KHI-04,KHI,hotel,HT-KHI-03,attraction,AT-KHI-04,taxi,10,2.04,2026-04-01T00:00:00Z
RT-HT-KHI-03-AT-KHI-05,KHI,hotel,HT-KHI-03,attraction,AT-KHI-05,taxi,15,2.38,2026-04-01T00:00:00Z
RT-HT-KHI-03-AT-KHI-06,KHI,hotel,HT-KHI-03,attraction,AT-KHI-06,taxi,16,2.72,2026-04-01T00:00:00Z
RT-KHI-AIR-HT-KHI-04,KHI,airport,KHI,hotel,HT-KHI-04,taxi,40,12.20,2026-04-01T00:00:00Z
RT-HT-KHI-04-AT-KHI-01,KHI,hotel,HT-KHI-04,attraction,AT-KHI-01,taxi,10,2.24,2026-04-01T00:00:00Z
RT-HT-KHI-04-AT-KHI-02,KHI,hotel,HT-KHI-04,attraction,AT-KHI-02,taxi,10,1.91,2026-04-01T00:00:00Z
RT-HT-KHI-04-AT-KHI-03,KHI,hotel,HT-KHI-04,attraction,AT-KHI-03,taxi,10,1.57,2026-04-01T00:00:00Z
RT-HT-KHI-04-AT-KHI-04,KHI,hotel,HT-KHI-04,attraction,AT-KHI-04,taxi,10,1.77,2026-04-01T00:00:00Z
RT-HT-KHI-04-AT-KHI-05,KHI,hotel,HT-KHI-04,attraction,AT-KHI-05,taxi,10,2.11,2026-04-01T00:00:00Z
RT-HT-KHI-04-AT-KHI-06,KHI,hotel,HT-KHI-04,attraction,AT-KHI-06,taxi,10,2.45,2026-04-01T00:00:00Z
RT-KHI-AIR-HT-KHI-05,KHI,airport,KHI,hotel,HT-KHI-05,taxi,20,8.60,2026-04-01T00:00:00Z
RT-HT-KHI-05-AT-KHI-01,KHI,hotel,HT-KHI-05,attraction,AT-KHI-01,taxi,10,2.51,2026-04-01T00:00:00Z
RT-HT-KHI-05-AT-KHI-02,KHI,hotel,HT-KHI-05,attraction,AT-KHI-02,taxi,12,2.18,2026-04-01T00:00:00Z
RT-HT-KHI-05-AT-KHI-03,KHI,hotel,HT-KHI-05,attraction,AT-KHI-03,taxi,10,1.84,2026-04-01T00:00:00Z
RT-HT-KHI-05-AT-KHI-04,KHI,hotel,HT-KHI-05,attraction,AT-KHI-04,taxi,10,1.50,2026-04-01T00:00:00Z
RT-HT-KHI-05-AT-KHI-05,KHI,hotel,HT-KHI-05,attraction,AT-KHI-05,taxi,11,1.84,2026-04-01T00:00:00Z
RT-HT-KHI-05-AT-KHI-06,KHI,hotel,HT-KHI-05,attraction,AT-KHI-06,taxi,10,2.18,2026-04-01T00:00:00Z
RT-KHI-AIR-HT-KHI-06,KHI,airport,KHI,hotel,HT-KHI-06,taxi,22,8.96,2026-04-01T00:00:00Z
RT-HT-KHI-06-AT-KHI-01,KHI,hotel,HT-KHI-06,attraction,AT-KHI-01,taxi,15,2.78,2026-04-01T00:00:00Z
RT-HT-KHI-06-AT-KHI-02,KHI,hotel,HT-KHI-06,attraction,AT-KHI-02,taxi,15,2.45,2026-04-01T00:00:00Z
RT-HT-KHI-06-AT-KHI-03,KHI,hotel,HT-KHI-06,attraction,AT-KHI-03,taxi,14,2.11,2026-04-01T00:00:00Z
RT-HT-KHI-06-AT-KHI-04,KHI,hotel,HT-KHI-06,attraction,AT-KHI-04,taxi,10,1.77,2026-04-01T00:00:00Z
RT-HT-KHI-06-AT-KHI-05,KHI,hotel,HT-KHI-06,attraction,AT-KHI-05,taxi,10,1.57,2026-04-01T00:00:00Z
RT-HT-KHI-06-AT-KHI-06,KHI,hotel,HT-KHI-06,attraction,AT-KHI-06,taxi,10,1.91,2026-04-01T00:00:00Z
RT-KHI-AIR-HT-KHI-07,KHI,airport,KHI,hotel,HT-KHI-07,taxi,39,12.02,2026-04-01T00:00:00Z
RT-HT-KHI-07-AT-KHI-01,KHI,hotel,HT-KHI-07,attraction,AT-KHI-01,taxi,14,3.05,2026-04-01T00:00:00Z
RT-HT-KHI-07-AT-KHI-02,KHI,hotel,HT-KHI-07,attraction,AT-KHI-02,taxi,10,2.72,2026-04-01T00:00:00Z
RT-HT-KHI-07-AT-KHI-03,KHI,hotel,HT-KHI-07,attraction,AT-KHI-03,taxi,11,2.38,2026-04-01T00:00:00Z
RT-HT-KHI-07-AT-KHI-04,KHI,hotel,HT-KHI-07,attraction,AT-KHI-04,taxi,10,2.04,2026-04-01T00:00:00Z
RT-HT-KHI-07-AT-KHI-05,KHI,hotel,HT-KHI-07,attraction,AT-KHI-05,taxi,10,1.70,2026-04-01T00:00:00Z
RT-HT-KHI-07-AT-KHI-06,KHI,hotel,HT-KHI-07,attraction,AT-KHI-06,taxi,11,1.64,2026-04-01T00:00:00Z
RT-KHI-AIR-HT-KHI-08,KHI,airport,KHI,hotel,HT-KHI-08,taxi,22,8.96,2026-04-01T00:00:00Z
RT-HT-KHI-08-AT-KHI-01,KHI,hotel,HT-KHI-08,attraction,AT-KHI-01,taxi,12,3.32,2026-04-01T00:00:00Z
RT-HT-KHI-08-AT-KHI-02,KHI,hotel,HT-KHI-08,attraction,AT-KHI-02,taxi,11,2.99,2026-04-01T00:00:00Z
RT-HT-KHI-08-AT-KHI-03,KHI,hotel,HT-KHI-08,attraction,AT-KHI-03,taxi,12,2.65,2026-04-01T00:00:00Z
RT-HT-KHI-08-AT-KHI-04,KHI,hotel,HT-KHI-08,attraction,AT-KHI-04,taxi,10,2.31,2026-04-01T00:00:00Z
RT-HT-KHI-08-AT-KHI-05,KHI,hotel,HT-KHI-08,attraction,AT-KHI-05,taxi,10,1.97,2026-04-01T00:00:00Z
RT-HT-KHI-08-AT-KHI-06,KHI,hotel,HT-KHI-08,attraction,AT-KHI-06,taxi,10,1.64,2026-04-01T00:00:00Z
RT-KHI-AIR-HT-KHI-09,KHI,airport,KHI,hotel,HT-KHI-09,taxi,19,8.42,2026-04-01T00:00:00Z
RT-HT-KHI-09-AT-KHI-01,KHI,hotel,HT-KHI-09,attraction,AT-KHI-01,taxi,16,3.59,2026-04-01T00:00:00Z
RT-HT-KHI-09-AT-KHI-02,KHI,hotel,HT-KHI-09,attraction,AT-KHI-02,taxi,20,3.26,2026-04-01T00:00:00Z
RT-HT-KHI-09-AT-KHI-03,KHI,hotel,HT-KHI-09,attraction,AT-KHI-03,taxi,16,2.92,2026-04-01T00:00:00Z
RT-HT-KHI-09-AT-KHI-04,KHI,hotel,HT-KHI-09,attraction,AT-KHI-04,taxi,10,2.58,2026-04-01T00:00:00Z
RT-HT-KHI-09-AT-KHI-05,KHI,hotel,HT-KHI-09,attraction,AT-KHI-05,taxi,10,2.24,2026-04-01T00:00:00Z
RT-HT-KHI-09-AT-KHI-06,KHI,hotel,HT-KHI-09,attraction,AT-KHI-06,taxi,10,1.91,2026-04-01T00:00:00Z
RT-KHI-AIR-HT-KHI-10,KHI,airport,KHI,hotel,HT-KHI-10,taxi,33,10.94,2026-04-01T00:00:00Z
RT-HT-KHI-10-AT-KHI-01,KHI,hotel,HT-KHI-10,attraction,AT-KHI-01,taxi,24,3.86,2026-04-01T00:00:00Z
RT-HT-KHI-10-AT-KHI-02,KHI,hotel,HT-KHI-10,attraction,AT-KHI-02,taxi,18,3.53,2026-04-01T00:00:00Z
RT-HT-KHI-10-AT-KHI-03,KHI,hotel,HT-KHI-10,attraction,AT-KHI-03,taxi,19,3.19,2026-04-01T00:00:00Z
RT-HT-KHI-10-AT-KHI-04,KHI,hotel,HT-KHI-10,attraction,AT-KHI-04,taxi,17,2.85,2026-04-01T00:00:00Z
RT-HT-KHI-10-AT-KHI-05,KHI,hotel,HT-KHI-10,attraction,AT-KHI-05,taxi,16,2.51,2026-04-01T00:00:00Z
RT-HT-KHI-10-AT-KHI-06,KHI,hotel,HT-KHI-10,attraction,AT-KHI-06,taxi,11,2.18,2026-04-01T00:00:00Z
RT-KHI-AIR-HT-KHI-11,KHI,airport,KHI,hotel,HT-KHI-11,taxi,18,8.24,2026-04-01T00:00:00Z
RT-HT-KHI-11-AT-KHI-01,KHI,hotel,HT-KHI-11,attraction,AT-KHI-01,taxi,20,4.13,2026-04-01T00:00:00Z
RT-HT-KHI-11-AT-KHI-02,KHI,hotel,HT-KHI-11,attraction,AT-KHI-02,taxi,16,3.80,2026-04-01T00:00:00Z
RT-HT-KHI-11-AT-KHI-03,KHI,hotel,HT-KHI-11,attraction,AT-KHI-03,taxi,10,3.46,2026-04-01T00:00:00Z
RT-HT-KHI-11-AT-KHI-04,KHI,hotel,HT-KHI-11,attraction,AT-KHI-04,taxi,12,3.12,2026-04-01T00:00:00Z
RT-HT-KHI-11-AT-KHI-05,KHI,hotel,HT-KHI-11,attraction,AT-KHI-05,taxi,16,2.78,2026-04-01T00:00:00Z
RT-HT-KHI-11-AT-KHI-06,KHI,hotel,HT-KHI-11,attraction,AT-KHI-06,taxi,17,2.45,2026-04-01T00:00:00Z
RT-KHI-AIR-HT-KHI-12,KHI,airport,KHI,hotel,HT-KHI-12,taxi,42,12.56,2026-04-01T00:00:00Z
RT-HT-KHI-12-AT-KHI-01,KHI,hotel,HT-KHI-12,attraction,AT-KHI-01,taxi,17,4.41,2026-04-01T00:00:00Z
RT-HT-KHI-12-AT-KHI-02,KHI,hotel,HT-KHI-12,attraction,AT-KHI-02,taxi,13,4.07,2026-04-01T00:00:00Z
RT-HT-KHI-12-AT-KHI-03,KHI,hotel,HT-KHI-12,attraction,AT-KHI-03,taxi,20,3.73,2026-04-01T00:00:00Z
RT-HT-KHI-12-AT-KHI-04,KHI,hotel,HT-KHI-12,attraction,AT-KHI-04,taxi,18,3.39,2026-04-01T00:00:00Z
RT-HT-KHI-12-AT-KHI-05,KHI,hotel,HT-KHI-12,attraction,AT-KHI-05,taxi,16,3.05,2026-04-01T00:00:00Z
RT-HT-KHI-12-AT-KHI-06,KHI,hotel,HT-KHI-12,attraction,AT-KHI-06,taxi,10,2.72,2026-04-01T00:00:00Z
RT-LHE-AIR-HT-LHE-01,LHE,airport,LHE,hotel,HT-LHE-01,taxi,23,9.14,2026-04-01T00:00:00Z
RT-HT-LHE-01-AT-LHE-01,LHE,hotel,HT-LHE-01,attraction,AT-LHE-01,taxi,10,1.57,2026-04-01T00:00:00Z
RT-HT-LHE-01-AT-LHE-02,LHE,hotel,HT-LHE-01,attraction,AT-LHE-02,taxi,10,1.89,2026-04-01T00:00:00Z
RT-HT-LHE-01-AT-LHE-03,LHE,hotel,HT-LHE-01,attraction,AT-LHE-03,taxi,13,2.22,2026-04-01T00:00:00Z
RT-HT-LHE-01-AT-LHE-04,LHE,hotel,HT-LHE-01,attraction,AT-LHE-04,taxi,12,2.55,2026-04-01T00:00:00Z
RT-HT-LHE-01-AT-LHE-05,LHE,hotel,HT-LHE-01,attraction,AT-LHE-05,taxi,13,2.88,2026-04-01T00:00:00Z
RT-HT-LHE-01-AT-LHE-06,LHE,hotel,HT-LHE-01,attraction,AT-LHE-06,taxi,13,3.21,2026-04-01T00:00:00Z
RT-LHE-AIR-HT-LHE-02,LHE,airport,LHE,hotel,HT-LHE-02,taxi,38,11.84,2026-04-01T00:00:00Z
RT-HT-LHE-02-AT-LHE-01,LHE,hotel,HT-LHE-02,attraction,AT-LHE-01,taxi,10,1.70,2026-04-01T00:00:00Z
RT-HT-LHE-02-AT-LHE-02,LHE,hotel,HT-LHE-02,attraction,AT-LHE-02,taxi,10,1.63,2026-04-01T00:00:00Z
RT-HT-LHE-02-AT-LHE-03,LHE,hotel,HT-LHE-02,attraction,AT-LHE-03,taxi,10,1.96,2026-04-01T00:00:00Z
RT-HT-LHE-02-AT-LHE-04,LHE,hotel,HT-LHE-02,attraction,AT-LHE-04,taxi,11,2.29,2026-04-01T00:00:00Z
RT-HT-LHE-02-AT-LHE-05,LHE,hotel,HT-LHE-02,attraction,AT-LHE-05,taxi,10,2.62,2026-04-01T00:00:00Z
RT-HT-LHE-02-AT-LHE-06,LHE,hotel,HT-LHE-02,attraction,AT-LHE-06,taxi,10,2.95,2026-04-01T00:00:00Z
RT-LHE-AIR-HT-LHE-03,LHE,airport,LHE,hotel,HT-LHE-03,taxi,21,8.78,2026-04-01T00:00:00Z
RT-HT-LHE-03-AT-LHE-01,LHE,hotel,HT-LHE-03,attraction,AT-LHE-01,taxi,10,1.96,2026-04-01T00:00:00Z
RT-HT-LHE-03-AT-LHE-02,LHE,hotel,HT-LHE-03,attraction,AT-LHE-02,taxi,10,1.63,2026-04-01T00:00:00Z
RT-HT-LHE-03-AT-LHE-03,LHE,hotel,HT-LHE-03,attraction,AT-LHE-03,taxi,10,1.70,2026-04-01T00:00:00Z
RT-HT-LHE-03-AT-LHE-04,LHE,hotel,HT-LHE-03,attraction,AT-LHE-04,taxi,10,2.03,2026-04-01T00:00:00Z
RT-HT-LHE-03-AT-LHE-05,LHE,hotel,HT-LHE-03,attraction,AT-LHE-05,taxi,10,2.35,2026-04-01T00:00:00Z
RT-HT-LHE-03-AT-LHE-06,LHE,hotel,HT-LHE-03,attraction,AT-LHE-06,taxi,13,2.68,2026-04-01T00:00:00Z
RT-LHE-AIR-HT-LHE-04,LHE,airport,LHE,hotel,HT-LHE-04,taxi,29,10.22,2026-04-01T00:00:00Z
RT-HT-LHE-04-AT-LHE-01,LHE,hotel,HT-LHE-04,attraction,AT-LHE-01,taxi,15,2.22,2026-04-01T00:00:00Z
RT-HT-LHE-04-AT-LHE-02,LHE,hotel,HT-LHE-04,attraction,AT-LHE-02,taxi,10,1.89,2026-04-01T00:00:00Z
RT-HT-LHE-04-AT-LHE-03,LHE,hotel,HT-LHE-04,attraction,AT-LHE-03,taxi,10,1.57,2026-04-01T00:00:00Z
RT-HT-LHE-04-AT-LHE-04,LHE,hotel,HT-LHE-04,attraction,AT-LHE-04,taxi,10,1.76,2026-04-01T00:00:00Z
RT-HT-LHE-04-AT-LHE-05,LHE,hotel,HT-LHE-04,attraction,AT-LHE-05,taxi,11,2.09,2026-04-01T00:00:00Z
RT-HT-LHE-04-AT-LHE-06,LHE,hotel,HT-LHE-04,attraction,AT-LHE-06,taxi,10,2.42,2026-04-01T00:00:00Z
RT-LHE-AIR-HT-LHE-05,LHE,airport,LHE,hotel,HT-LHE-05,taxi,29,10.22,2026-04-01T00:00:00Z
RT-HT-LHE-05-AT-LHE-01,LHE,hotel,HT-LHE-05,attraction,AT-LHE-01,taxi,10,2.49,2026-04-01T00:00:00Z
RT-HT-LHE-05-AT-LHE-02,LHE,hotel,HT-LHE-05,attraction,AT-LHE-02,taxi,10,2.16,2026-04-01T00:00:00Z
RT-HT-LHE-05-AT-LHE-03,LHE,hotel,HT-LHE-05,attraction,AT-LHE-03,taxi,13,1.83,2026-04-01T00:00:00Z
RT-HT-LHE-05-AT-LHE-04,LHE,hotel,HT-LHE-05,attraction,AT-LHE-04,taxi,10,1.50,2026-04-01T00:00:00Z
RT-HT-LHE-05-AT-LHE-05,LHE,hotel,HT-LHE-05,attraction,AT-LHE-05,taxi,10,1.83,2026-04-01T00:00:00Z
RT-HT-LHE-05-AT-LHE-06,LHE,hotel,HT-LHE-05,attraction,AT-LHE-06,taxi,15,2.16,2026-04-01T00:00:00Z
RT-LHE-AIR-HT-LHE-06,LHE,airport,LHE,hotel,HT-LHE-06,taxi,42,12.56,2026-04-01T00:00:00Z
RT-HT-LHE-06-AT-LHE-01,LHE,hotel,HT-LHE-06,attraction,AT-LHE-01,taxi,10,2.75,2026-04-01T00:00:00Z
RT-HT-LHE-06-AT-LHE-02,LHE,hotel,HT-LHE-06,attraction,AT-LHE-02,taxi,10,2.42,2026-04-01T00:00:00Z
RT-HT-LHE-06-AT-LHE-03,LHE,hotel,HT-LHE-06,attraction,AT-LHE-03,taxi,10,2.09,2026-04-01T00:00:00Z
RT-HT-LHE-06-AT-LHE-04,LHE,hotel,HT-LHE-06,attraction,AT-LHE-04,taxi,10,1.76,2026-04-01T00:00:00Z
RT-HT-LHE-06-AT-LHE-05,LHE,hotel,HT-LHE-06,attraction,AT-LHE-05,taxi,10,1.57,2026-04-01T00:00:00Z
RT-HT-LHE-06-AT-LHE-06,LHE,hotel,HT-LHE-06,attraction,AT-LHE-06,taxi,11,1.89,2026-04-01T00:00:00Z
RT-LHE-AIR-HT-LHE-07,LHE,airport,LHE,hotel,HT-LHE-07,taxi,38,11.84,2026-04-01T00:00:00Z
RT-HT-LHE-07-AT-LHE-01,LHE,hotel,HT-LHE-07,attraction,AT-LHE-01,taxi,11,3.01,2026-04-01T00:00:00Z
RT-HT-LHE-07-AT-LHE-02,LHE,hotel,HT-LHE-07,attraction,AT-LHE-02,taxi,10,2.68,2026-04-01T00:00:00Z
RT-HT-LHE-07-AT-LHE-03,LHE,hotel,HT-LHE-07,attraction,AT-LHE-03,taxi,13,2.35,2026-04-01T00:00:00Z
RT-HT-LHE-07-AT-LHE-04,LHE,hotel,HT-LHE-07,attraction,AT-LHE-04,taxi,10,2.03,2026-04-01T00:00:00Z
RT-HT-LHE-07-AT-LHE-05,LHE,hotel,HT-LHE-07,attraction,AT-LHE-05,taxi,10,1.70,2026-04-01T00:00:00Z
RT-HT-LHE-07-AT-LHE-06,LHE,hotel,HT-LHE-07,attraction,AT-LHE-06,taxi,10,1.63,2026-04-01T00:00:00Z
RT-LHE-AIR-HT-LHE-08,LHE,airport,LHE,hotel,HT-LHE-08,taxi,35,11.30,2026-04-01T00:00:00Z
RT-HT-LHE-08-AT-LHE-01,LHE,hotel,HT-LHE-08,attraction,AT-LHE-01,taxi,12,3.28,2026-04-01T00:00:00Z
RT-HT-LHE-08-AT-LHE-02,LHE,hotel,HT-LHE-08,attraction,AT-LHE-02,taxi,15,2.95,2026-04-01T00:00:00Z
RT-HT-LHE-08-AT-LHE-03,LHE,hotel,HT-LHE-08,attraction,AT-LHE-03,taxi,13,2.62,2026-04-01T00:00:00Z
RT-HT-LHE-08-AT-LHE-04,LHE,hotel,HT-LHE-08,attraction,AT-LHE-04,taxi,16,2.29,2026-04-01T00:00:00Z
RT-HT-LHE-08-AT-LHE-05,LHE,hotel,HT-LHE-08,attraction,AT-LHE-05,taxi,11,1.96,2026-04-01T00:00:00Z
RT-HT-LHE-08-AT-LHE-06,LHE,hotel,HT-LHE-08,attraction,AT-LHE-06,taxi,10,1.63,2026-04-01T00:00:00Z
RT-LHE-AIR-HT-LHE-09,LHE,airport,LHE,hotel,HT-LHE-09,taxi,44,12.92,2026-04-01T00:00:00Z
RT-HT-LHE-09-AT-LHE-01,LHE,hotel,HT-LHE-09,attraction,AT-LHE-01,taxi,20,3.54,2026-04-01T00:00:00Z
RT-HT-LHE-09-AT-LHE-02,LHE,hotel,HT-LHE-09,attraction,AT-LHE-02,taxi,12,3.21,2026-04-01T00:00:00Z
RT-HT-LHE-09-AT-LHE-03,LHE,hotel,HT-LHE-09,attraction,AT-LHE-03,taxi,11,2.88,2026-04-01T00:00:00Z
RT-HT-LHE-09-AT-LHE-04,LHE,hotel,HT-LHE-09,attraction,AT-LHE-04,taxi,10,2.55,2026-04-01T00:00:00Z
RT-HT-LHE-09-AT-LHE-05,LHE,hotel,HT-LHE-09,attraction,AT-LHE-05,taxi,15,2.22,2026-04-01T00:00:00Z
RT-HT-LHE-09-AT-LHE-06,LHE,hotel,HT-LHE-09,attraction,AT-LHE-06,taxi,10,1.89,2026-04-01T00:00:00Z
RT-LHE-AIR-HT-LHE-10,LHE,airport,LHE,hotel,HT-LHE-10,taxi,35,11.30,2026-04-01T00:00:00Z
RT-HT-LHE-10-AT-LHE-01,LHE,hotel,HT-LHE-10,attraction,AT-LHE-01,taxi,21,3.80,2026-04-01T00:00:00Z
RT-HT-LHE-10-AT-LHE-02,LHE,hotel,HT-LHE-10,attraction,AT-LHE-02,taxi,11,3.47,2026-04-01T00:00:00Z
RT-HT-LHE-10-AT-LHE-03,LHE,hotel,HT-LHE-10,attraction,AT-LHE-03,taxi,12,3.14,2026-04-01T00:00:00Z
RT-HT-LHE-10-AT-LHE-04,LHE,hotel,HT-LHE-10,attraction,AT-LHE-04,taxi,17,2.81,2026-04-01T00:00:00Z
RT-HT-LHE-10-AT-LHE-05,LHE,hotel,HT-LHE-10,attraction,AT-LHE-05,taxi,10,2.49,2026-04-01T00:00:00Z
RT-HT-LHE-10-AT-LHE-06,LHE,hotel,HT-LHE-10,attraction,AT-LHE-06,taxi,14,2.16,2026-04-01T00:00:00Z
RT-LHE-AIR-HT-LHE-11,LHE,airport,LHE,hotel,HT-LHE-11,taxi,31,10.58,2026-04-01T00:00:00Z
RT-HT-LHE-11-AT-LHE-01,LHE,hotel,HT-LHE-11,attraction,AT-LHE-01,taxi,16,4.06,2026-04-01T00:00:00Z
RT-HT-LHE-11-AT-LHE-02,LHE,hotel,HT-LHE-11,attraction,AT-LHE-02,taxi,20,3.74,2026-04-01T00:00:00Z
RT-HT-LHE-11-AT-LHE-03,LHE,hotel,HT-LHE-11,attraction,AT-LHE-03,taxi,12,3.41,2026-04-01T00:00:00Z
RT-HT-LHE-11-AT-LHE-04,LHE,hotel,HT-LHE-11,attraction,AT-LHE-04,taxi,14,3.08,2026-04-01T00:00:00Z
RT-HT-LHE-11-AT-LHE-05,LHE,hotel,HT-LHE-11,attraction,AT-LHE-05,taxi,10,2.75,2026-04-01T00:00:00Z
RT-HT-LHE-11-AT-LHE-06,LHE,hotel,HT-LHE-11,attraction,AT-LHE-06,taxi,10,2.42,2026-04-01T00:00:00Z
RT-LHE-AIR-HT-LHE-12,LHE,airport,LHE,hotel,HT-LHE-12,taxi,30,10.40,2026-04-01T00:00:00Z
RT-HT-LHE-12-AT-LHE-01,LHE,hotel,HT-LHE-12,attraction,AT-LHE-01,taxi,25,4.33,2026-04-01T00:00:00Z
RT-HT-LHE-12-AT-LHE-02,LHE,hotel,HT-LHE-12,attraction,AT-LHE-02,taxi,16,4.00,2026-04-01T00:00:00Z
RT-HT-LHE-12-AT-LHE-03,LHE,hotel,HT-LHE-12,attraction,AT-LHE-03,taxi,15,3.67,2026-04-01T00:00:00Z
RT-HT-LHE-12-AT-LHE-04,LHE,hotel,HT-LHE-12,attraction,AT-LHE-04,taxi,10,3.34,2026-04-01T00:00:00Z
RT-HT-LHE-12-AT-LHE-05,LHE,hotel,HT-LHE-12,attraction,AT-LHE-05,taxi,10,3.01,2026-04-01T00:00:00Z
RT-HT-LHE-12-AT-LHE-06,LHE,hotel,HT-LHE-12,attraction,AT-LHE-06,taxi,12,2.68,2026-04-01T00:00:00Z
RT-ISB-AIR-HT-ISB-01,ISB,airport,ISB,hotel,HT-ISB-01,taxi,33,10.94,2026-04-01T00:00:00Z
RT-HT-ISB-01-AT-ISB-01,ISB,hotel,HT-ISB-01,attraction,AT-ISB-01,taxi,10,1.57,2026-04-01T00:00:00Z
RT-HT-ISB-01-AT-ISB-02,ISB,hotel,HT-ISB-01,attraction,AT-ISB-02,taxi,10,1.89,2026-04-01T00:00:00Z
RT-HT-ISB-01-AT-ISB-03,ISB,hotel,HT-ISB-01,attraction,AT-ISB-03,taxi,10,2.22,2026-04-01T00:00:00Z
RT-HT-ISB-01-AT-ISB-04,ISB,hotel,HT-ISB-01,attraction,AT-ISB-04,taxi,10,2.54,2026-04-01T00:00:00Z
RT-HT-ISB-01-AT-ISB-05,ISB,hotel,HT-ISB-01,attraction,AT-ISB-05,taxi,15,2.87,2026-04-01T00:00:00Z
RT-HT-ISB-01-AT-ISB-06,ISB,hotel,HT-ISB-01,attraction,AT-ISB-06,taxi,11,3.19,2026-04-01T00:00:00Z
RT-ISB-AIR-HT-ISB-02,ISB,airport,ISB,hotel,HT-ISB-02,taxi,29,10.22,2026-04-01T00:00:00Z
RT-HT-ISB-02-AT-ISB-01,ISB,hotel,HT-ISB-02,attraction,AT-ISB-01,taxi,10,1.70,2026-04-01T00:00:00Z
RT-HT-ISB-02-AT-ISB-02,ISB,hotel,HT-ISB-02,attraction,AT-ISB-02,taxi,10,1.63,2026-04-01T00:00:00Z
RT-HT-ISB-02-AT-ISB-03,ISB,hotel,HT-ISB-02,attraction,AT-ISB-03,taxi,10,1.96,2026-04-01T00:00:00Z
RT-HT-ISB-02-AT-ISB-04,ISB,hotel,HT-ISB-02,attraction,AT-ISB-04,taxi,11,2.28,2026-04-01T00:00:00Z
RT-HT-ISB-02-AT-ISB-05,ISB,hotel,HT-ISB-02,attraction,AT-ISB-05,taxi,15,2.61,2026-04-01T00:00:00Z
RT-HT-ISB-02-AT-ISB-06,ISB,hotel,HT-ISB-02,attraction,AT-ISB-06,taxi,18,2.93,2026-04-01T00:00:00Z
RT-ISB-AIR-HT-ISB-03,ISB,airport,ISB,hotel,HT-ISB-03,taxi,29,10.22,2026-04-01T00:00:00Z
RT-HT-ISB-03-AT-ISB-01,ISB,hotel,HT-ISB-03,attraction,AT-ISB-01,taxi,12,1.96,2026-04-01T00:00:00Z
RT-HT-ISB-03-AT-ISB-02,ISB,hotel,HT-ISB-03,attraction,AT-ISB-02,taxi,10,1.63,2026-04-01T00:00:00Z
RT-HT-ISB-03-AT-ISB-03,ISB,hotel,HT-ISB-03,attraction,AT-ISB-03,taxi,13,1.70,2026-04-01T00:00:00Z
RT-HT-ISB-03-AT-ISB-04,ISB,hotel,HT-ISB-03,attraction,AT-ISB-04,taxi,10,2.02,2026-04-01T00:00:00Z
RT-HT-ISB-03-AT-ISB-05,ISB,hotel,HT-ISB-03,attraction,AT-ISB-05,taxi,15,2.35,2026-04-01T00:00:00Z
RT-HT-ISB-03-AT-ISB-06,ISB,hotel,HT-ISB-03,attraction,AT-ISB-06,taxi,15,2.67,2026-04-01T00:00:00Z
RT-ISB-AIR-HT-ISB-04,ISB,airport,ISB,hotel,HT-ISB-04,taxi,37,11.66,2026-04-01T00:00:00Z
RT-HT-ISB-04-AT-ISB-01,ISB,hotel,HT-ISB-04,attraction,AT-ISB-01,taxi,15,2.22,2026-04-01T00:00:00Z
RT-HT-ISB-04-AT-ISB-02,ISB,hotel,HT-ISB-04,attraction,AT-ISB-02,taxi,10,1.89,2026-04-01T00:00:00Z
RT-HT-ISB-04-AT-ISB-03,ISB,hotel,HT-ISB-04,attraction,AT-ISB-03,taxi,10,1.57,2026-04-01T00:00:00Z
RT-HT-ISB-04-AT-ISB-04,ISB,hotel,HT-ISB-04,attraction,AT-ISB-04,taxi,11,1.76,2026-04-01T00:00:00Z
RT-HT-ISB-04-AT-ISB-05,ISB,hotel,HT-ISB-04,attraction,AT-ISB-05,taxi,12,2.09,2026-04-01T00:00:00Z
RT-HT-ISB-04-AT-ISB-06,ISB,hotel,HT-ISB-04,attraction,AT-ISB-06,taxi,10,2.41,2026-04-01T00:00:00Z
RT-ISB-AIR-HT-ISB-05,ISB,airport,ISB,hotel,HT-ISB-05,taxi,38,11.84,2026-04-01T00:00:00Z
RT-HT-ISB-05-AT-ISB-01,ISB,hotel,HT-ISB-05,attraction,AT-ISB-01,taxi,11,2.48,2026-04-01T00:00:00Z
RT-HT-ISB-05-AT-ISB-02,ISB,hotel,HT-ISB-05,attraction,AT-ISB-02,taxi,14,2.15,2026-04-01T00:00:00Z
RT-HT-ISB-05-AT-ISB-03,ISB,hotel,HT-ISB-05,attraction,AT-ISB-03,taxi,10,1.83,2026-04-01T00:00:00Z
RT-HT-ISB-05-AT-ISB-04,ISB,hotel,HT-ISB-05,attraction,AT-ISB-04,taxi,10,1.50,2026-04-01T00:00:00Z
RT-HT-ISB-05-AT-ISB-05,ISB,hotel,HT-ISB-05,attraction,AT-ISB-05,taxi,10,1.83,2026-04-01T00:00:00Z
RT-HT-ISB-05-AT-ISB-06,ISB,hotel,HT-ISB-05,attraction,AT-ISB-06,taxi,10,2.15,2026-04-01T00:00:00Z
RT-ISB-AIR-HT-ISB-06,ISB,airport,ISB,hotel,HT-ISB-06,taxi,30,10.40,2026-04-01T00:00:00Z
RT-HT-ISB-06-AT-ISB-01,ISB,hotel,HT-ISB-06,attraction,AT-ISB-01,taxi,10,2.74,2026-04-01T00:00:00Z
RT-HT-ISB-06-AT-ISB-02,ISB,hotel,HT-ISB-06,attraction,AT-ISB-02,taxi,15,2.41,2026-04-01T00:00:00Z
RT-HT-ISB-06-AT-ISB-03,ISB,hotel,HT-ISB-06,attraction,AT-ISB-03,taxi,11,2.09,2026-04-01T00:00:00Z
RT-HT-ISB-06-AT-ISB-04,ISB,hotel,HT-ISB-06,attraction,AT-ISB-04,taxi,10,1.76,2026-04-01T00:00:00Z
RT-HT-ISB-06-AT-ISB-05,ISB,hotel,HT-ISB-06,attraction,AT-ISB-05,taxi,10,1.57,2026-04-01T00:00:00Z
RT-HT-ISB-06-AT-ISB-06,ISB,hotel,HT-ISB-06,attraction,AT-ISB-06,taxi,14,1.89,2026-04-01T00:00:00Z
RT-ISB-AIR-HT-ISB-07,ISB,airport,ISB,hotel,HT-ISB-07,taxi,40,12.20,2026-04-01T00:00:00Z
RT-HT-ISB-07-AT-ISB-01,ISB,hotel,HT-ISB-07,attraction,AT-ISB-01,taxi,17,3.00,2026-04-01T00:00:00Z
RT-HT-ISB-07-AT-ISB-02,ISB,hotel,HT-ISB-07,attraction,AT-ISB-02,taxi,11,2.67,2026-04-01T00:00:00Z
RT-HT-ISB-07-AT-ISB-03,ISB,hotel,HT-ISB-07,attraction,AT-ISB-03,taxi,15,2.35,2026-04-01T00:00:00Z
RT-HT-ISB-07-AT-ISB-04,ISB,hotel,HT-ISB-07,attraction,AT-ISB-04,taxi,13,2.02,2026-04-01T00:00:00Z
RT-HT-ISB-07-AT-ISB-05,ISB,hotel,HT-ISB-07,attraction,AT-ISB-05,taxi,11,1.70,2026-04-01T00:00:00Z
RT-HT-ISB-07-AT-ISB-06,ISB,hotel,HT-ISB-07,attraction,AT-ISB-06,taxi,10,1.63,2026-04-01T00:00:00Z
RT-ISB-AIR-HT-ISB-08,ISB,airport,ISB,hotel,HT-ISB-08,taxi,44,12.92,2026-04-01T00:00:00Z
RT-HT-ISB-08-AT-ISB-01,ISB,hotel,HT-ISB-08,attraction,AT-ISB-01,taxi,17,3.26,2026-04-01T00:00:00Z
RT-HT-ISB-08-AT-ISB-02,ISB,hotel,HT-ISB-08,attraction,AT-ISB-02,taxi,18,2.93,2026-04-01T00:00:00Z
RT-HT-ISB-08-AT-ISB-03,ISB,hotel,HT-ISB-08,attraction,AT-ISB-03,taxi,10,2.61,2026-04-01T00:00:00Z
RT-HT-ISB-08-AT-ISB-04,ISB,hotel,HT-ISB-08,attraction,AT-ISB-04,taxi,10,2.28,2026-04-01T00:00:00Z
RT-HT-ISB-08-AT-ISB-05,ISB,hotel,HT-ISB-08,attraction,AT-ISB-05,taxi,10,1.96,2026-04-01T00:00:00Z
RT-HT-ISB-08-AT-ISB-06,ISB,hotel,HT-ISB-08,attraction,AT-ISB-06,taxi,10,1.63,2026-04-01T00:00:00Z
RT-ISB-AIR-HT-ISB-09,ISB,airport,ISB,hotel,HT-ISB-09,taxi,19,8.42,2026-04-01T00:00:00Z
RT-HT-ISB-09-AT-ISB-01,ISB,hotel,HT-ISB-09,attraction,AT-ISB-01,taxi,22,3.52,2026-04-01T00:00:00Z
RT-HT-ISB-09-AT-ISB-02,ISB,hotel,HT-ISB-09,attraction,AT-ISB-02,taxi,11,3.19,2026-04-01T00:00:00Z
RT-HT-ISB-09-AT-ISB-03,ISB,hotel,HT-ISB-09,attraction,AT-ISB-03,taxi,14,2.87,2026-04-01T00:00:00Z
RT-HT-ISB-09-AT-ISB-04,ISB,hotel,HT-ISB-09,attraction,AT-ISB-04,taxi,10,2.54,2026-04-01T00:00:00Z
RT-HT-ISB-09-AT-ISB-05,ISB,hotel,HT-ISB-09,attraction,AT-ISB-05,taxi,13,2.22,2026-04-01T00:00:00Z
RT-HT-ISB-09-AT-ISB-06,ISB,hotel,HT-ISB-09,attraction,AT-ISB-06,taxi,10,1.89,2026-04-01T00:00:00Z
RT-ISB-AIR-HT-ISB-10,ISB,airport,ISB,hotel,HT-ISB-10,taxi,26,9.68,2026-04-01T00:00:00Z
RT-HT-ISB-10-AT-ISB-01,ISB,hotel,HT-ISB-10,attraction,AT-ISB-01,taxi,14,3.78,2026-04-01T00:00:00Z
RT-HT-ISB-10-AT-ISB-02,ISB,hotel,HT-ISB-10,attraction,AT-ISB-02,taxi,12,3.45,2026-04-01T00:00:00Z
RT-HT-ISB-10-AT-ISB-03,ISB,hotel,HT-ISB-10,attraction,AT-ISB-03,taxi,18,3.13,2026-04-01T00:00:00Z
RT-HT-ISB-10-AT-ISB-04,ISB,hotel,HT-ISB-10,attraction,AT-ISB-04,taxi,11,2.80,2026-04-01T00:00:00Z
RT-HT-ISB-10-AT-ISB-05,ISB,hotel,HT-ISB-10,attraction,AT-ISB-05,taxi,13,2.48,2026-04-01T00:00:00Z
RT-HT-ISB-10-AT-ISB-06,ISB,hotel,HT-ISB-10,attraction,AT-ISB-06,taxi,10,2.15,2026-04-01T00:00:00Z
RT-ISB-AIR-HT-ISB-11,ISB,airport,ISB,hotel,HT-ISB-11,taxi,39,12.02,2026-04-01T00:00:00Z
RT-HT-ISB-11-AT-ISB-01,ISB,hotel,HT-ISB-11,attraction,AT-ISB-01,taxi,20,4.04,2026-04-01T00:00:00Z
RT-HT-ISB-11-AT-ISB-02,ISB,hotel,HT-ISB-11,attraction,AT-ISB-02,taxi,11,3.71,2026-04-01T00:00:00Z
RT-HT-ISB-11-AT-ISB-03,ISB,hotel,HT-ISB-11,attraction,AT-ISB-03,taxi,21,3.39,2026-04-01T00:00:00Z
RT-HT-ISB-11-AT-ISB-04,ISB,hotel,HT-ISB-11,attraction,AT-ISB-04,taxi,20,3.06,2026-04-01T00:00:00Z
RT-HT-ISB-11-AT-ISB-05,ISB,hotel,HT-ISB-11,attraction,AT-ISB-05,taxi,12,2.74,2026-04-01T00:00:00Z
RT-HT-ISB-11-AT-ISB-06,ISB,hotel,HT-ISB-11,attraction,AT-ISB-06,taxi,14,2.41,2026-04-01T00:00:00Z
RT-ISB-AIR-HT-ISB-12,ISB,airport,ISB,hotel,HT-ISB-12,taxi,28,10.04,2026-04-01T00:00:00Z
RT-HT-ISB-12-AT-ISB-01,ISB,hotel,HT-ISB-12,attraction,AT-ISB-01,taxi,16,4.30,2026-04-01T00:00:00Z
RT-HT-ISB-12-AT-ISB-02,ISB,hotel,HT-ISB-12,attraction,AT-ISB-02,taxi,17,3.97,2026-04-01T00:00:00Z
RT-HT-ISB-12-AT-ISB-03,ISB,hotel,HT-ISB-12,attraction,AT-ISB-03,taxi,20,3.65,2026-04-01T00:00:00Z
RT-HT-ISB-12-AT-ISB-04,ISB,hotel,HT-ISB-12,attraction,AT-ISB-04,taxi,10,3.32,2026-04-01T00:00:00Z
RT-HT-ISB-12-AT-ISB-05,ISB,hotel,HT-ISB-12,attraction,AT-ISB-05,taxi,17,3.00,2026-04-01T00:00:00Z
RT-HT-ISB-12-AT-ISB-06,ISB,hotel,HT-ISB-12,attraction,AT-ISB-06,taxi,10,2.67,2026-04-01T00:00:00Z
RT-DXB-AIR-HT-DXB-01,DXB,airport,DXB,hotel,HT-DXB-01,metro,30,13.40,2026-04-01T00:00:00Z
RT-HT-DXB-01-AT-DXB-01,DXB,hotel,HT-DXB-01,attraction,AT-DXB-01,metro,10,1.59,2026-04-01T00:00:00Z
RT-HT-DXB-01-AT-DXB-02,DXB,hotel,HT-DXB-01,attraction,AT-DXB-02,metro,11,2.04,2026-04-01T00:00:00Z
RT-HT-DXB-01-AT-DXB-03,DXB,hotel,HT-DXB-01,attraction,AT-DXB-03,metro,10,2.49,2026-04-01T00:00:00Z
RT-HT-DXB-01-AT-DXB-04,DXB,hotel,HT-DXB-01,attraction,AT-DXB-04,metro,16,2.94,2026-04-01T00:00:00Z
RT-HT-DXB-01-AT-DXB-05,DXB,hotel,HT-DXB-01,attraction,AT-DXB-05,metro,10,3.39,2026-04-01T00:00:00Z
RT-HT-DXB-01-AT-DXB-06,DXB,hotel,HT-DXB-01,attraction,AT-DXB-06,metro,10,3.84,2026-04-01T00:00:00Z
RT-DXB-AIR-HT-DXB-02,DXB,airport,DXB,hotel,HT-DXB-02,metro,44,17.32,2026-04-01T00:00:00Z
RT-HT-DXB-02-AT-DXB-01,DXB,hotel,HT-DXB-02,attraction,AT-DXB-01,metro,10,1.77,2026-04-01T00:00:00Z
RT-HT-DXB-02-AT-DXB-02,DXB,hotel,HT-DXB-02,attraction,AT-DXB-02,metro,11,1.68,2026-04-01T00:00:00Z
RT-HT-DXB-02-AT-DXB-03,DXB,hotel,HT-DXB-02,attraction,AT-DXB-03,metro,14,2.13,2026-04-01T00:00:00Z
RT-HT-DXB-02-AT-DXB-04,DXB,hotel,HT-DXB-02,attraction,AT-DXB-04,metro,10,2.58,2026-04-01T00:00:00Z
RT-HT-DXB-02-AT-DXB-05,DXB,hotel,HT-DXB-02,attraction,AT-DXB-05,metro,17,3.03,2026-04-01T00:00:00Z
RT-HT-DXB-02-AT-DXB-06,DXB,hotel,HT-DXB-02,attraction,AT-DXB-06,metro,11,3.48,2026-04-01T00:00:00Z
RT-DXB-AIR-HT-DXB-03,DXB,airport,DXB,hotel,HT-DXB-03,metro,33,14.24,2026-04-01T00:00:00Z
RT-HT-DXB-03-AT-DXB-01,DXB,hotel,HT-DXB-03,attraction,AT-DXB-01,metro,11,2.13,2026-04-01T00:00:00Z
RT-HT-DXB-03-AT-DXB-02,DXB,hotel,HT-DXB-03,attraction,AT-DXB-02,metro,11,1.68,2026-04-01T00:00:00Z
RT-HT-DXB-03-AT-DXB-03,DXB,hotel,HT-DXB-03,attraction,AT-DXB-03,metro,10,1.77,2026-04-01T00:00:00Z
RT-HT-DXB-03-AT-DXB-04,DXB,hotel,HT-DXB-03,attraction,AT-DXB-04,metro,12,2.22,2026-04-01T00:00:00Z
RT-HT-DXB-03-AT-DXB-05,DXB,hotel,HT-DXB-03,attraction,AT-DXB-05,metro,10,2.67,2026-04-01T00:00:00Z
RT-HT-DXB-03-AT-DXB-06,DXB,hotel,HT-DXB-03,attraction,AT-DXB-06,metro,10,3.12,2026-04-01T00:00:00Z
RT-DXB-AIR-HT-DXB-04,DXB,airport,DXB,hotel,HT-DXB-04,metro,39,15.92,2026-04-01T00:00:00Z
RT-HT-DXB-04-AT-DXB-01,DXB,hotel,HT-DXB-04,attraction,AT-DXB-01,metro,15,2.49,2026-04-01T00:00:00Z
RT-HT-DXB-04-AT-DXB-02,DXB,hotel,HT-DXB-04,attraction,AT-DXB-02,metro,10,2.04,2026-04-01T00:00:00Z
RT-HT-DXB-04-AT-DXB-03,DXB,hotel,HT-DXB-04,attraction,AT-DXB-03,metro,10,1.59,2026-04-01T00:00:00Z
RT-HT-DXB-04-AT-DXB-04,DXB,hotel,HT-DXB-04,attraction,AT-DXB-04,metro,13,1.86,2026-04-01T00:00:00Z
RT-HT-DXB-04-AT-DXB-05,DXB,hotel,HT-DXB-04,attraction,AT-DXB-05,metro,11,2.31,2026-04-01T00:00:00Z
RT-HT-DXB-04-AT-DXB-06,DXB,hotel,HT-DXB-04,attraction,AT-DXB-06,metro,10,2.76,2026-04-01T00:00:00Z
RT-DXB-AIR-HT-DXB-05,DXB,airport,DXB,hotel,HT-DXB-05,metro,20,10.60,2026-04-01T00:00:00Z
RT-HT-DXB-05-AT-DXB-01,DXB,hotel,HT-DXB-05,attraction,AT-DXB-01,metro,17,2.85,2026-04-01T00:00:00Z
RT-HT-DXB-05-AT-DXB-02,DXB,hotel,HT-DXB-05,attraction,AT-DXB-02,metro,13,2.40,2026-04-01T00:00:00Z
RT-HT-DXB-05-AT-DXB-03,DXB,hotel,HT-DXB-05,attraction,AT-DXB-03,metro,13,1.95,2026-04-01T00:00:00Z
RT-HT-DXB-05-AT-DXB-04,DXB,hotel,HT-DXB-05,attraction,AT-DXB-04,metro,10,1.50,2026-04-01T00:00:00Z
RT-HT-DXB-05-AT-DXB-05,DXB,hotel,HT-DXB-05,attraction,AT-DXB-05,metro,10,1.95,2026-04-01T00:00:00Z
RT-HT-DXB-05-AT-DXB-06,DXB,hotel,HT-DXB-05,attraction,AT-DXB-06,metro,12,2.40,2026-04-01T00:00:00Z
RT-DXB-AIR-HT-DXB-06,DXB,airport,DXB,hotel,HT-DXB-06,metro,28,12.84,2026-04-01T00:00:00Z
RT-HT-DXB-06-AT-DXB-01,DXB,hotel,HT-DXB-06,attraction,AT-DXB-01,metro,14,3.21,2026-04-01T00:00:00Z
RT-HT-DXB-06-AT-DXB-02,DXB,hotel,HT-DXB-06,attraction,AT-DXB-02,metro,10,2.76,2026-04-01T00:00:00Z
RT-HT-DXB-06-AT-DXB-03,DXB,hotel,HT-DXB-06,attraction,AT-DXB-03,metro,10,2.31,2026-04-01T00:00:00Z
RT-HT-DXB-06-AT-DXB-04,DXB,hotel,HT-DXB-06,attraction,AT-DXB-04,metro,10,1.86,2026-04-01T00:00:00Z
RT-HT-DXB-06-AT-DXB-05,DXB,hotel,HT-DXB-06,attraction,AT-DXB-05,metro,10,1.59,2026-04-01T00:00:00Z
RT-HT-DXB-06-AT-DXB-06,DXB,hotel,HT-DXB-06,attraction,AT-DXB-06,metro,10,2.04,2026-04-01T00:00:00Z
RT-DXB-AIR-HT-DXB-07,DXB,airport,DXB,hotel,HT-DXB-07,metro,42,16.76,2026-04-01T00:00:00Z
RT-HT-DXB-07-AT-DXB-01,DXB,hotel,HT-DXB-07,attraction,AT-DXB-01,metro,10,3.57,2026-04-01T00:00:00Z
RT-HT-DXB-07-AT-DXB-02,DXB,hotel,HT-DXB-07,attraction,AT-DXB-02,metro,10,3.12,2026-04-01T00:00:00Z
RT-HT-DXB-07-AT-DXB-03,DXB,hotel,HT-DXB-07,attraction,AT-DXB-03,metro,12,2.67,2026-04-01T00:00:00Z
RT-HT-DXB-07-AT-DXB-04,DXB,hotel,HT-DXB-07,attraction,AT-DXB-04,metro,12,2.22,2026-04-01T00:00:00Z
RT-HT-DXB-07-AT-DXB-05,DXB,hotel,HT-DXB-07,attraction,AT-DXB-05,metro,12,1.77,2026-04-01T00:00:00Z
RT-HT-DXB-07-AT-DXB-06,DXB,hotel,HT-DXB-07,attraction,AT-DXB-06,metro,10,1.68,2026-04-01T00:00:00Z
RT-DXB-AIR-HT-DXB-08,DXB,airport,DXB,hotel,HT-DXB-08,metro,44,17.32,2026-04-01T00:00:00Z
RT-HT-DXB-08-AT-DXB-01,DXB,hotel,HT-DXB-08,attraction,AT-DXB-01,metro,21,3.93,2026-04-01T00:00:00Z
RT-HT-DXB-08-AT-DXB-02,DXB,hotel,HT-DXB-08,attraction,AT-DXB-02,metro,10,3.48,2026-04-01T00:00:00Z
RT-HT-DXB-08-AT-DXB-03,DXB,hotel,HT-DXB-08,attraction,AT-DXB-03,metro,12,3.03,2026-04-01T00:00:00Z
RT-HT-DXB-08-AT-DXB-04,DXB,hotel,HT-DXB-08,attraction,AT-DXB-04,metro,10,2.58,2026-04-01T00:00:00Z
RT-HT-DXB-08-AT-DXB-05,DXB,hotel,HT-DXB-08,attraction,AT-DXB-05,metro,10,2.13,2026-04-01T00:00:00Z
RT-HT-DXB-08-AT-DXB-06,DXB,hotel,HT-DXB-08,attraction,AT-DXB-06,metro,10,1.68,2026-04-01T00:00:00Z
RT-DXB-AIR-HT-DXB-09,DXB,airport,DXB,hotel,HT-DXB-09,metro,34,14.52,2026-04-01T00:00:00Z
RT-HT-DXB-09-AT-DXB-01,DXB,hotel,HT-DXB-09,attraction,AT-DXB-01,metro,14,4.29,2026-04-01T00:00:00Z
RT-HT-DXB-09-AT-DXB-02,DXB,hotel,HT-DXB-09,attraction,AT-DXB-02,metro,20,3.84,2026-04-01T00:00:00Z
RT-HT-DXB-09-AT-DXB-03,DXB,hotel,HT-DXB-09,attraction,AT-DXB-03,metro,14,3.39,2026-04-01T00:00:00Z
RT-HT-DXB-09-AT-DXB-04,DXB,hotel,HT-DXB-09,attraction,AT-DXB-04,metro,10,2.94,2026-04-01T00:00:00Z
RT-HT-DXB-09-AT-DXB-05,DXB,hotel,HT-DXB-09,attraction,AT-DXB-05,metro,14,2.49,2026-04-01T00:00:00Z
RT-HT-DXB-09-AT-DXB-06,DXB,hotel,HT-DXB-09,attraction,AT-DXB-06,metro,13,2.04,2026-04-01T00:00:00Z
RT-DXB-AIR-HT-DXB-10,DXB,airport,DXB,hotel,HT-DXB-10,metro,20,10.60,2026-04-01T00:00:00Z
RT-HT-DXB-10-AT-DXB-01,DXB,hotel,HT-DXB-10,attraction,AT-DXB-01,metro,21,4.65,2026-04-01T00:00:00Z
RT-HT-DXB-10-AT-DXB-02,DXB,hotel,HT-DXB-10,attraction,AT-DXB-02,metro,17,4.20,2026-04-01T00:00:00Z
RT-HT-DXB-10-AT-DXB-03,DXB,hotel,HT-DXB-10,attraction,AT-DXB-03,metro,13,3.75,2026-04-01T00:00:00Z
RT-HT-DXB-10-AT-DXB-04,DXB,hotel,HT-DXB-10,attraction,AT-DXB-04,metro,12,3.30,2026-04-01T00:00:00Z
RT-HT-DXB-10-AT-DXB-05,DXB,hotel,HT-DXB-10,attraction,AT-DXB-05,metro,10,2.85,2026-04-01T00:00:00Z
RT-HT-DXB-10-AT-DXB-06,DXB,hotel,HT-DXB-10,attraction,AT-DXB-06,metro,10,2.40,2026-04-01T00:00:00Z
RT-DXB-AIR-HT-DXB-11,DXB,airport,DXB,hotel,HT-DXB-11,metro,40,16.20,2026-04-01T00:00:00Z
RT-HT-DXB-11-AT-DXB-01,DXB,hotel,HT-DXB-11,attraction,AT-DXB-01,metro,25,5.01,2026-04-01T00:00:00Z
RT-HT-DXB-11-AT-DXB-02,DXB,hotel,HT-DXB-11,attraction,AT-DXB-02,metro,17,4.56,2026-04-01T00:00:00Z
RT-HT-DXB-11-AT-DXB-03,DXB,hotel,HT-DXB-11,attraction,AT-DXB-03,metro,17,4.11,2026-04-01T00:00:00Z
RT-HT-DXB-11-AT-DXB-04,DXB,hotel,HT-DXB-11,attraction,AT-DXB-04,metro,16,3.66,2026-04-01T00:00:00Z
RT-HT-DXB-11-AT-DXB-05,DXB,hotel,HT-DXB-11,attraction,AT-DXB-05,metro,10,3.21,2026-04-01T00:00:00Z
RT-HT-DXB-11-AT-DXB-06,DXB,hotel,HT-DXB-11,attraction,AT-DXB-06,metro,12,2.76,2026-04-01T00:00:00Z
RT-DXB-AIR-HT-DXB-12,DXB,airport,DXB,hotel,HT-DXB-12,metro,42,16.76,2026-04-01T00:00:00Z
RT-HT-DXB-12-AT-DXB-01,DXB,hotel,HT-DXB-12,attraction,AT-DXB-01,metro,27,5.37,2026-04-01T00:00:00Z
RT-HT-DXB-12-AT-DXB-02,DXB,hotel,HT-DXB-12,attraction,AT-DXB-02,metro,21,4.92,2026-04-01T00:00:00Z
RT-HT-DXB-12-AT-DXB-03,DXB,hotel,HT-DXB-12,attraction,AT-DXB-03,metro,14,4.47,2026-04-01T00:00:00Z
RT-HT-DXB-12-AT-DXB-04,DXB,hotel,HT-DXB-12,attraction,AT-DXB-04,metro,17,4.02,2026-04-01T00:00:00Z
RT-HT-DXB-12-AT-DXB-05,DXB,hotel,HT-DXB-12,attraction,AT-DXB-05,metro,10,3.57,2026-04-01T00:00:00Z
RT-HT-DXB-12-AT-DXB-06,DXB,hotel,HT-DXB-12,attraction,AT-DXB-06,metro,17,3.12,2026-04-01T00:00:00Z
RT-IST-AIR-HT-IST-01,IST,airport,IST,hotel,HT-IST-01,taxi,40,16.20,2026-04-01T00:00:00Z
RT-HT-IST-01-AT-IST-01,IST,hotel,HT-IST-01,attraction,AT-IST-01,taxi,10,1.58,2026-04-01T00:00:00Z
RT-HT-IST-01-AT-IST-02,IST,hotel,HT-IST-01,attraction,AT-IST-02,taxi,10,2.00,2026-04-01T00:00:00Z
RT-HT-IST-01-AT-IST-03,IST,hotel,HT-IST-01,attraction,AT-IST-03,taxi,10,2.42,2026-04-01T00:00:00Z
RT-HT-IST-01-AT-IST-04,IST,hotel,HT-IST-01,attraction,AT-IST-04,taxi,13,2.84,2026-04-01T00:00:00Z
RT-HT-IST-01-AT-IST-05,IST,hotel,HT-IST-01,attraction,AT-IST-05,taxi,15,3.26,2026-04-01T00:00:00Z
RT-HT-IST-01-AT-IST-06,IST,hotel,HT-IST-01,attraction,AT-IST-06,taxi,10,3.67,2026-04-01T00:00:00Z
RT-IST-AIR-HT-IST-02,IST,airport,IST,hotel,HT-IST-02,taxi,34,14.52,2026-04-01T00:00:00Z
RT-HT-IST-02-AT-IST-01,IST,hotel,HT-IST-02,attraction,AT-IST-01,taxi,10,1.75,2026-04-01T00:00:00Z
RT-HT-IST-02-AT-IST-02,IST,hotel,HT-IST-02,attraction,AT-IST-02,taxi,10,1.67,2026-04-01T00:00:00Z
RT-HT-IST-02-AT-IST-03,IST,hotel,HT-IST-02,attraction,AT-IST-03,taxi,10,2.09,2026-04-01T00:00:00Z
RT-HT-IST-02-AT-IST-04,IST,hotel,HT-IST-02,attraction,AT-IST-04,taxi,14,2.50,2026-04-01T00:00:00Z
RT-HT-IST-02-AT-IST-05,IST,hotel,HT-IST-02,attraction,AT-IST-05,taxi,14,2.92,2026-04-01T00:00:00Z
RT-HT-IST-02-AT-IST-06,IST,hotel,HT-IST-02,attraction,AT-IST-06,taxi,16,3.34,2026-04-01T00:00:00Z
RT-IST-AIR-HT-IST-03,IST,airport,IST,hotel,HT-IST-03,taxi,24,11.72,2026-04-01T00:00:00Z
RT-HT-IST-03-AT-IST-01,IST,hotel,HT-IST-03,attraction,AT-IST-01,taxi,13,2.09,2026-04-01T00:00:00Z
RT-HT-IST-03-AT-IST-02,IST,hotel,HT-IST-03,attraction,AT-IST-02,taxi,10,1.67,2026-04-01T00:00:00Z
RT-HT-IST-03-AT-IST-03,IST,hotel,HT-IST-03,attraction,AT-IST-03,taxi,10,1.75,2026-04-01T00:00:00Z
RT-HT-IST-03-AT-IST-04,IST,hotel,HT-IST-03,attraction,AT-IST-04,taxi,10,2.17,2026-04-01T00:00:00Z
RT-HT-IST-03-AT-IST-05,IST,hotel,HT-IST-03,attraction,AT-IST-05,taxi,11,2.59,2026-04-01T00:00:00Z
RT-HT-IST-03-AT-IST-06,IST,hotel,HT-IST-03,attraction,AT-IST-06,taxi,15,3.00,2026-04-01T00:00:00Z
RT-IST-AIR-HT-IST-04,IST,airport,IST,hotel,HT-IST-04,taxi,26,12.28,2026-04-01T00:00:00Z
RT-HT-IST-04-AT-IST-01,IST,hotel,HT-IST-04,attraction,AT-IST-01,taxi,10,2.42,2026-04-01T00:00:00Z
RT-HT-IST-04-AT-IST-02,IST,hotel,HT-IST-04,attraction,AT-IST-02,taxi,10,2.00,2026-04-01T00:00:00Z
RT-HT-IST-04-AT-IST-03,IST,hotel,HT-IST-04,attraction,AT-IST-03,taxi,10,1.58,2026-04-01T00:00:00Z
RT-HT-IST-04-AT-IST-04,IST,hotel,HT-IST-04,attraction,AT-IST-04,taxi,10,1.83,2026-04-01T00:00:00Z
RT-HT-IST-04-AT-IST-05,IST,hotel,HT-IST-04,attraction,AT-IST-05,taxi,10,2.25,2026-04-01T00:00:00Z
RT-HT-IST-04-AT-IST-06,IST,hotel,HT-IST-04,attraction,AT-IST-06,taxi,10,2.67,2026-04-01T00:00:00Z
RT-IST-AIR-HT-IST-05,IST,airport,IST,hotel,HT-IST-05,taxi,37,15.36,2026-04-01T00:00:00Z
RT-HT-IST-05-AT-IST-01,IST,hotel,HT-IST-05,attraction,AT-IST-01,taxi,10,2.75,2026-04-01T00:00:00Z
RT-HT-IST-05-AT-IST-02,IST,hotel,HT-IST-05,attraction,AT-IST-02,taxi,10,2.34,2026-04-01T00:00:00Z
RT-HT-IST-05-AT-IST-03,IST,hotel,HT-IST-05,attraction,AT-IST-03,taxi,10,1.92,2026-04-01T00:00:00Z
RT-HT-IST-05-AT-IST-04,IST,hotel,HT-IST-05,attraction,AT-IST-04,taxi,10,1.50,2026-04-01T00:00:00Z
RT-HT-IST-05-AT-IST-05,IST,hotel,HT-IST-05,attraction,AT-IST-05,taxi,10,1.92,2026-04-01T00:00:00Z
RT-HT-IST-05-AT-IST-06,IST,hotel,HT-IST-05,attraction,AT-IST-06,taxi,11,2.34,2026-04-01T00:00:00Z
RT-IST-AIR-HT-IST-06,IST,airport,IST,hotel,HT-IST-06,taxi,25,12.00,2026-04-01T00:00:00Z
RT-HT-IST-06-AT-IST-01,IST,hotel,HT-IST-06,attraction,AT-IST-01,taxi,10,3.09,2026-04-01T00:00:00Z
RT-HT-IST-06-AT-IST-02,IST,hotel,HT-IST-06,attraction,AT-IST-02,taxi,11,2.67,2026-04-01T00:00:00Z
RT-HT-IST-06-AT-IST-03,IST,hotel,HT-IST-06,attraction,AT-IST-03,taxi,10,2.25,2026-04-01T00:00:00Z
RT-HT-IST-06-AT-IST-04,IST,hotel,HT-IST-06,attraction,AT-IST-04,taxi,10,1.83,2026-04-01T00:00:00Z
RT-HT-IST-06-AT-IST-05,IST,hotel,HT-IST-06,attraction,AT-IST-05,taxi,11,1.58,2026-04-01T00:00:00Z
RT-HT-IST-06-AT-IST-06,IST,hotel,HT-IST-06,attraction,AT-IST-06,taxi,13,2.00,2026-04-01T00:00:00Z
RT-IST-AIR-HT-IST-07,IST,airport,IST,hotel,HT-IST-07,taxi,37,15.36,2026-04-01T00:00:00Z
RT-HT-IST-07-AT-IST-01,IST,hotel,HT-IST-07,attraction,AT-IST-01,taxi,19,3.42,2026-04-01T00:00:00Z
RT-HT-IST-07-AT-IST-02,IST,hotel,HT-IST-07,attraction,AT-IST-02,taxi,10,3.00,2026-04-01T00:00:00Z
RT-HT-IST-07-AT-IST-03,IST,hotel,HT-IST-07,attraction,AT-IST-03,taxi,10,2.59,2026-04-01T00:00:00Z
RT-HT-IST-07-AT-IST-04,IST,hotel,HT-IST-07,attraction,AT-IST-04,taxi,11,2.17,2026-04-01T00:00:00Z
RT-HT-IST-07-AT-IST-05,IST,hotel,HT-IST-07,attraction,AT-IST-05,taxi,10,1.75,2026-04-01T00:00:00Z
RT-HT-IST-07-AT-IST-06,IST,hotel,HT-IST-07,attraction,AT-IST-06,taxi,11,1.67,2026-04-01T00:00:00Z
RT-IST-AIR-HT-IST-08,IST,airport,IST,hotel,HT-IST-08,taxi,44,17.32,2026-04-01T00:00:00Z
RT-HT-IST-08-AT-IST-01,IST,hotel,HT-IST-08,attraction,AT-IST-01,taxi,19,3.76,2026-04-01T00:00:00Z
RT-HT-IST-08-AT-IST-02,IST,hotel,HT-IST-08,attraction,AT-IST-02,taxi,17,3.34,2026-04-01T00:00:00Z
RT-HT-IST-08-AT-IST-03,IST,hotel,HT-IST-08,attraction,AT-IST-03,taxi,10,2.92,2026-04-01T00:00:00Z
RT-HT-IST-08-AT-IST-04,IST,hotel,HT-IST-08,attraction,AT-IST-04,taxi,14,2.50,2026-04-01T00:00:00Z
RT-HT-IST-08-AT-IST-05,IST,hotel,HT-IST-08,attraction,AT-IST-05,taxi,12,2.09,2026-04-01T00:00:00Z
RT-HT-IST-08-AT-IST-06,IST,hotel,HT-IST-08,attraction,AT-IST-06,taxi,10,1.67,2026-04-01T00:00:00Z
RT-IST-AIR-HT-IST-09,IST,airport,IST,hotel,HT-IST-09,taxi,23,11.44,2026-04-01T00:00:00Z
RT-HT-IST-09-AT-IST-01,IST,hotel,HT-IST-09,attraction,AT-IST-01,taxi,22,4.09,2026-04-01T00:00:00Z
RT-HT-IST-09-AT-IST-02,IST,hotel,HT-IST-09,attraction,AT-IST-02,taxi,10,3.67,2026-04-01T00:00:00Z
RT-HT-IST-09-AT-IST-03,IST,hotel,HT-IST-09,attraction,AT-IST-03,taxi,10,3.26,2026-04-01T00:00:00Z
RT-HT-IST-09-AT-IST-04,IST,hotel,HT-IST-09,attraction,AT-IST-04,taxi,16,2.84,2026-04-01T00:00:00Z
RT-HT-IST-09-AT-IST-05,IST,hotel,HT-IST-09,attraction,AT-IST-05,taxi,10,2.42,2026-04-01T00:00:00Z
RT-HT-IST-09-AT-IST-06,IST,hotel,HT-IST-09,attraction,AT-IST-06,taxi,10,2.00,2026-04-01T00:00:00Z
RT-IST-AIR-HT-IST-10,IST,airport,IST,hotel,HT-IST-10,taxi,38,15.64,2026-04-01T00:00:00Z
RT-HT-IST-10-AT-IST-01,IST,hotel,HT-IST-10,attraction,AT-IST-01,taxi,20,4.43,2026-04-01T00:00:00Z
RT-HT-IST-10-AT-IST-02,IST,hotel,HT-IST-10,attraction,AT-IST-02,taxi,12,4.01,2026-04-01T00:00:00Z
RT-HT-IST-10-AT-IST-03,IST,hotel,HT-IST-10,attraction,AT-IST-03,taxi,18,3.59,2026-04-01T00:00:00Z
RT-HT-IST-10-AT-IST-04,IST,hotel,HT-IST-10,attraction,AT-IST-04,taxi,16,3.17,2026-04-01T00:00:00Z
RT-HT-IST-10-AT-IST-05,IST,hotel,HT-IST-10,attraction,AT-IST-05,taxi,15,2.75,2026-04-01T00:00:00Z
RT-HT-IST-10-AT-IST-06,IST,hotel,HT-IST-10,attraction,AT-IST-06,taxi,12,2.34,2026-04-01T00:00:00Z
RT-IST-AIR-HT-IST-11,IST,airport,IST,hotel,HT-IST-11,taxi,19,10.32,2026-04-01T00:00:00Z
RT-HT-IST-11-AT-IST-01,IST,hotel,HT-IST-11,attraction,AT-IST-01,taxi,17,4.76,2026-04-01T00:00:00Z
RT-HT-IST-11-AT-IST-02,IST,hotel,HT-IST-11,attraction,AT-IST-02,taxi,22,4.34,2026-04-01T00:00:00Z
RT-HT-IST-11-AT-IST-03,IST,hotel,HT-IST-11,attraction,AT-IST-03,taxi,21,3.92,2026-04-01T00:00:00Z
RT-HT-IST-11-AT-IST-04,IST,hotel,HT-IST-11,attraction,AT-IST-04,taxi,15,3.51,2026-04-01T00:00:00Z
RT-HT-IST-11-AT-IST-05,IST,hotel,HT-IST-11,attraction,AT-IST-05,taxi,10,3.09,2026-04-01T00:00:00Z
RT-HT-IST-11-AT-IST-06,IST,hotel,HT-IST-11,attraction,AT-IST-06,taxi,10,2.67,2026-04-01T00:00:00Z
RT-IST-AIR-HT-IST-12,IST,airport,IST,hotel,HT-IST-12,taxi,23,11.44,2026-04-01T00:00:00Z
RT-HT-IST-12-AT-IST-01,IST,hotel,HT-IST-12,attraction,AT-IST-01,taxi,15,5.09,2026-04-01T00:00:00Z
RT-HT-IST-12-AT-IST-02,IST,hotel,HT-IST-12,attraction,AT-IST-02,taxi,20,4.68,2026-04-01T00:00:00Z
RT-HT-IST-12-AT-IST-03,IST,hotel,HT-IST-12,attraction,AT-IST-03,taxi,12,4.26,2026-04-01T00:00:00Z
RT-HT-IST-12-AT-IST-04,IST,hotel,HT-IST-12,attraction,AT-IST-04,taxi,11,3.84,2026-04-01T00:00:00Z
RT-HT-IST-12-AT-IST-05,IST,hotel,HT-IST-12,attraction,AT-IST-05,taxi,16,3.42,2026-04-01T00:00:00Z
RT-HT-IST-12-AT-IST-06,IST,hotel,HT-IST-12,attraction,AT-IST-06,taxi,11,3.00,2026-04-01T00:00:00Z
RT-BKK-AIR-HT-BKK-01,BKK,airport,BKK,hotel,HT-BKK-01,metro,41,12.38,2026-04-01T00:00:00Z
RT-HT-BKK-01-AT-BKK-01,BKK,hotel,HT-BKK-01,attraction,AT-BKK-01,metro,10,1.59,2026-04-01T00:00:00Z
RT-HT-BKK-01-AT-BKK-02,BKK,hotel,HT-BKK-01,attraction,AT-BKK-02,metro,10,2.06,2026-04-01T00:00:00Z
RT-HT-BKK-01-AT-BKK-03,BKK,hotel,HT-BKK-01,attraction,AT-BKK-03,metro,12,2.52,2026-04-01T00:00:00Z
RT-HT-BKK-01-AT-BKK-04,BKK,hotel,HT-BKK-01,attraction,AT-BKK-04,metro,17,2.99,2026-04-01T00:00:00Z
RT-HT-BKK-01-AT-BKK-05,BKK,hotel,HT-BKK-01,attraction,AT-BKK-05,metro,10,3.45,2026-04-01T00:00:00Z
RT-HT-BKK-01-AT-BKK-06,BKK,hotel,HT-BKK-01,attraction,AT-BKK-06,metro,10,3.92,2026-04-01T00:00:00Z
RT-BKK-AIR-HT-BKK-02,BKK,airport,BKK,hotel,HT-BKK-02,metro,29,10.22,2026-04-01T00:00:00Z
RT-HT-BKK-02-AT-BKK-01,BKK,hotel,HT-BKK-02,attraction,AT-BKK-01,metro,13,1.78,2026-04-01T00:00:00Z
RT-HT-BKK-02-AT-BKK-02,BKK,hotel,HT-BKK-02,attraction,AT-BKK-02,metro,10,1.69,2026-04-01T00:00:00Z
RT-HT-BKK-02-AT-BKK-03,BKK,hotel,HT-BKK-02,attraction,AT-BKK-03,metro,10,2.15,2026-04-01T00:00:00Z
RT-HT-BKK-02-AT-BKK-04,BKK,hotel,HT-BKK-02,attraction,AT-BKK-04,metro,10,2.62,2026-04-01T00:00:00Z
RT-HT-BKK-02-AT-BKK-05,BKK,hotel,HT-BKK-02,attraction,AT-BKK-05,metro,10,3.08,2026-04-01T00:00:00Z
RT-HT-BKK-02-AT-BKK-06,BKK,hotel,HT-BKK-02,attraction,AT-BKK-06,metro,10,3.55,2026-04-01T00:00:00Z
RT-BKK-AIR-HT-BKK-03,BKK,airport,BKK,hotel,HT-BKK-03,metro,35,11.30,2026-04-01T00:00:00Z
RT-HT-BKK-03-AT-BKK-01,BKK,hotel,HT-BKK-03,attraction,AT-BKK-01,metro,10,2.15,2026-04-01T00:00:00Z
RT-HT-BKK-03-AT-BKK-02,BKK,hotel,HT-BKK-03,attraction,AT-BKK-02,metro,10,1.69,2026-04-01T00:00:00Z
RT-HT-BKK-03-AT-BKK-03,BKK,hotel,HT-BKK-03,attraction,AT-BKK-03,metro,10,1.78,2026-04-01T00:00:00Z
RT-HT-BKK-03-AT-BKK-04,BKK,hotel,HT-BKK-03,attraction,AT-BKK-04,metro,10,2.24,2026-04-01T00:00:00Z
RT-HT-BKK-03-AT-BKK-05,BKK,hotel,HT-BKK-03,attraction,AT-BKK-05,metro,15,2.71,2026-04-01T00:00:00Z
RT-HT-BKK-03-AT-BKK-06,BKK,hotel,HT-BKK-03,attraction,AT-BKK-06,metro,13,3.17,2026-04-01T00:00:00Z
RT-BKK-AIR-HT-BKK-04,BKK,airport,BKK,hotel,HT-BKK-04,metro,22,8.96,2026-04-01T00:00:00Z
RT-HT-BKK-04-AT-BKK-01,BKK,hotel,HT-BKK-04,attraction,AT-BKK-01,metro,12,2.52,2026-04-01T00:00:00Z
RT-HT-BKK-04-AT-BKK-02,BKK,hotel,HT-BKK-04,attraction,AT-BKK-02,metro,14,2.06,2026-04-01T00:00:00Z
RT-HT-BKK-04-AT-BKK-03,BKK,hotel,HT-BKK-04,attraction,AT-BKK-03,metro,10,1.59,2026-04-01T00:00:00Z
RT-HT-BKK-04-AT-BKK-04,BKK,hotel,HT-BKK-04,attraction,AT-BKK-04,metro,10,1.87,2026-04-01T00:00:00Z
RT-HT-BKK-04-AT-BKK-05,BKK,hotel,HT-BKK-04,attraction,AT-BKK-05,metro,13,2.34,2026-04-01T00:00:00Z
RT-HT-BKK-04-AT-BKK-06,BKK,hotel,HT-BKK-04,attraction,AT-BKK-06,metro,10,2.80,2026-04-01T00:00:00Z
RT-BKK-AIR-HT-BKK-05,BKK,airport,BKK,hotel,HT-BKK-05,metro,35,11.30,2026-04-01T00:00:00Z
RT-HT-BKK-05-AT-BKK-01,BKK,hotel,HT-BKK-05,attraction,AT-BKK-01,metro,10,2.90,2026-04-01T00:00:00Z
RT-HT-BKK-05-AT-BKK-02,BKK,hotel,HT-BKK-05,attraction,AT-BKK-02,metro,10,2.43,2026-04-01T00:00:00Z
RT-HT-BKK-05-AT-BKK-03,BKK,hotel,HT-BKK-05,attraction,AT-BKK-03,metro,12,1.97,2026-04-01T00:00:00Z
RT-HT-BKK-05-AT-BKK-04,BKK,hotel,HT-BKK-05,attraction,AT-BKK-04,metro,10,1.50,2026-04-01T00:00:00Z
RT-HT-BKK-05-AT-BKK-05,BKK,hotel,HT-BKK-05,attraction,AT-BKK-05,metro,10,1.97,2026-04-01T00:00:00Z
RT-HT-BKK-05-AT-BKK-06,BKK,hotel,HT-BKK-05,attraction,AT-BKK-06,metro,13,2.43,2026-04-01T00:00:00Z
RT-BKK-AIR-HT-BKK-06,BKK,airport,BKK,hotel,HT-BKK-06,metro,32,10.76,2026-04-01T00:00:00Z
RT-HT-BKK-06-AT-BKK-01,BKK,hotel,HT-BKK-06,attraction,AT-BKK-01,metro,18,3.27,2026-04-01T00:00:00Z
RT-HT-BKK-06-AT-BKK-02,BKK,hotel,HT-BKK-06,attraction,AT-BKK-02,metro,10,2.80,2026-04-01T00:00:00Z
RT-HT-BKK-06-AT-BKK-03,BKK,hotel,HT-BKK-06,attraction,AT-BKK-03,metro,14,2.34,2026-04-01T00:00:00Z
RT-HT-BKK-06-AT-BKK-04,BKK,hotel,HT-BKK-06,attraction,AT-BKK-04,metro,11,1.87,2026-04-01T00:00:00Z
RT-HT-BKK-06-AT-BKK-05,BKK,hotel,HT-BKK-06,attraction,AT-BKK-05,metro,10,1.59,2026-04-01T00:00:00Z
RT-HT-BKK-06-AT-BKK-06,BKK,hotel,HT-BKK-06,attraction,AT-BKK-06,metro,11,2.06,2026-04-01T00:00:00Z
RT-BKK-AIR-HT-BKK-07,BKK,airport,BKK,hotel,HT-BKK-07,metro,30,10.40,2026-04-01T00:00:00Z
RT-HT-BKK-07-AT-BKK-01,BKK,hotel,HT-BKK-07,attraction,AT-BKK-01,metro,10,3.64,2026-04-01T00:00:00Z
RT-HT-BKK-07-AT-BKK-02,BKK,hotel,HT-BKK-07,attraction,AT-BKK-02,metro,12,3.17,2026-04-01T00:00:00Z
RT-HT-BKK-07-AT-BKK-03,BKK,hotel,HT-BKK-07,attraction,AT-BKK-03,metro,10,2.71,2026-04-01T00:00:00Z
RT-HT-BKK-07-AT-BKK-04,BKK,hotel,HT-BKK-07,attraction,AT-BKK-04,metro,10,2.24,2026-04-01T00:00:00Z
RT-HT-BKK-07-AT-BKK-05,BKK,hotel,HT-BKK-07,attraction,AT-BKK-05,metro,10,1.78,2026-04-01T00:00:00Z
RT-HT-BKK-07-AT-BKK-06,BKK,hotel,HT-BKK-07,attraction,AT-BKK-06,metro,10,1.69,2026-04-01T00:00:00Z
RT-BKK-AIR-HT-BKK-08,BKK,airport,BKK,hotel,HT-BKK-08,metro,40,12.20,2026-04-01T00:00:00Z
RT-HT-BKK-08-AT-BKK-01,BKK,hotel,HT-BKK-08,attraction,AT-BKK-01,metro,17,4.01,2026-04-01T00:00:00Z
RT-HT-BKK-08-AT-BKK-02,BKK,hotel,HT-BKK-08,attraction,AT-BKK-02,metro,16,3.55,2026-04-01T00:00:00Z
RT-HT-BKK-08-AT-BKK-03,BKK,hotel,HT-BKK-08,attraction,AT-BKK-03,metro,10,3.08,2026-04-01T00:00:00Z
RT-HT-BKK-08-AT-BKK-04,BKK,hotel,HT-BKK-08,attraction,AT-BKK-04,metro,12,2.62,2026-04-01T00:00:00Z
RT-HT-BKK-08-AT-BKK-05,BKK,hotel,HT-BKK-08,attraction,AT-BKK-05,metro,10,2.15,2026-04-01T00:00:00Z
RT-HT-BKK-08-AT-BKK-06,BKK,hotel,HT-BKK-08,attraction,AT-BKK-06,metro,12,1.69,2026-04-01T00:00:00Z
RT-BKK-AIR-HT-BKK-09,BKK,airport,BKK,hotel,HT-BKK-09,metro,42,12.56,2026-04-01T00:00:00Z
RT-HT-BKK-09-AT-BKK-01,BKK,hotel,HT-BKK-09,attraction,AT-BKK-01,metro,19,4.38,2026-04-01T00:00:00Z
RT-HT-BKK-09-AT-BKK-02,BKK,hotel,HT-BKK-09,attraction,AT-BKK-02,metro,19,3.92,2026-04-01T00:00:00Z
RT-HT-BKK-09-AT-BKK-03,BKK,hotel,HT-BKK-09,attraction,AT-BKK-03,metro,17,3.45,2026-04-01T00:00:00Z
RT-HT-BKK-09-AT-BKK-04,BKK,hotel,HT-BKK-09,attraction,AT-BKK-04,metro,17,2.99,2026-04-01T00:00:00Z
RT-HT-BKK-09-AT-BKK-05,BKK,hotel,HT-BKK-09,attraction,AT-BKK-05,metro,13,2.52,2026-04-01T00:00:00Z
RT-HT-BKK-09-AT-BKK-06,BKK,hotel,HT-BKK-09,attraction,AT-BKK-06,metro,10,2.06,2026-04-01T00:00:00Z
RT-BKK-AIR-HT-BKK-10,BKK,airport,BKK,hotel,HT-BKK-10,metro,25,9.50,2026-04-01T00:00:00Z
RT-HT-BKK-10-AT-BKK-01,BKK,hotel,HT-BKK-10,attraction,AT-BKK-01,metro,24,4.76,2026-04-01T00:00:00Z
RT-HT-BKK-10-AT-BKK-02,BKK,hotel,HT-BKK-10,attraction,AT-BKK-02,metro,21,4.29,2026-04-01T00:00:00Z
RT-HT-BKK-10-AT-BKK-03,BKK,hotel,HT-BKK-10,attraction,AT-BKK-03,metro,18,3.83,2026-04-01T00:00:00Z
RT-HT-BKK-10-AT-BKK-04,BKK,hotel,HT-BKK-10,attraction,AT-BKK-04,metro,10,3.36,2026-04-01T00:00:00Z
RT-HT-BKK-10-AT-BKK-05,BKK,hotel,HT-BKK-10,attraction,AT-BKK-05,metro,12,2.90,2026-04-01T00:00:00Z
RT-HT-BKK-10-AT-BKK-06,BKK,hotel,HT-BKK-10,attraction,AT-BKK-06,metro,10,2.43,2026-04-01T00:00:00Z
RT-BKK-AIR-HT-BKK-11,BKK,airport,BKK,hotel,HT-BKK-11,metro,35,11.30,2026-04-01T00:00:00Z
RT-HT-BKK-11-AT-BKK-01,BKK,hotel,HT-BKK-11,attraction,AT-BKK-01,metro,19,5.13,2026-04-01T00:00:00Z
RT-HT-BKK-11-AT-BKK-02,BKK,hotel,HT-BKK-11,attraction,AT-BKK-02,metro,20,4.66,2026-04-01T00:00:00Z
RT-HT-BKK-11-AT-BKK-03,BKK,hotel,HT-BKK-11,attraction,AT-BKK-03,metro,17,4.20,2026-04-01T00:00:00Z
RT-HT-BKK-11-AT-BKK-04,BKK,hotel,HT-BKK-11,attraction,AT-BKK-04,metro,10,3.73,2026-04-01T00:00:00Z
RT-HT-BKK-11-AT-BKK-05,BKK,hotel,HT-BKK-11,attraction,AT-BKK-05,metro,15,3.27,2026-04-01T00:00:00Z
RT-HT-BKK-11-AT-BKK-06,BKK,hotel,HT-BKK-11,attraction,AT-BKK-06,metro,10,2.80,2026-04-01T00:00:00Z
RT-BKK-AIR-HT-BKK-12,BKK,airport,BKK,hotel,HT-BKK-12,metro,19,8.42,2026-04-01T00:00:00Z
RT-HT-BKK-12-AT-BKK-01,BKK,hotel,HT-BKK-12,attraction,AT-BKK-01,metro,25,5.50,2026-04-01T00:00:00Z
RT-HT-BKK-12-AT-BKK-02,BKK,hotel,HT-BKK-12,attraction,AT-BKK-02,metro,22,5.03,2026-04-01T00:00:00Z
RT-HT-BKK-12-AT-BKK-03,BKK,hotel,HT-BKK-12,attraction,AT-BKK-03,metro,12,4.57,2026-04-01T00:00:00Z
RT-HT-BKK-12-AT-BKK-04,BKK,hotel,HT-BKK-12,attraction,AT-BKK-04,metro,12,4.10,2026-04-01T00:00:00Z
RT-HT-BKK-12-AT-BKK-05,BKK,hotel,HT-BKK-12,attraction,AT-BKK-05,metro,12,3.64,2026-04-01T00:00:00Z
RT-HT-BKK-12-AT-BKK-06,BKK,hotel,HT-BKK-12,attraction,AT-BKK-06,metro,12,3.17,2026-04-01T00:00:00Z
RT-KUL-AIR-HT-KUL-01,KUL,airport,KUL,hotel,HT-KUL-01,metro,29,10.22,2026-04-01T00:00:00Z
RT-HT-KUL-01-AT-KUL-01,KUL,hotel,HT-KUL-01,attraction,AT-KUL-01,metro,10,1.59,2026-04-01T00:00:00Z
RT-HT-KUL-01-AT-KUL-02,KUL,hotel,HT-KUL-01,attraction,AT-KUL-02,metro,10,2.07,2026-04-01T00:00:00Z
RT-HT-KUL-01-AT-KUL-03,KUL,hotel,HT-KUL-01,attraction,AT-KUL-03,metro,11,2.54,2026-04-01T00:00:00Z
RT-HT-KUL-01-AT-KUL-04,KUL,hotel,HT-KUL-01,attraction,AT-KUL-04,metro,10,3.01,2026-04-01T00:00:00Z
RT-HT-KUL-01-AT-KUL-05,KUL,hotel,HT-KUL-01,attraction,AT-KUL-05,metro,18,3.48,2026-04-01T00:00:00Z
RT-HT-KUL-01-AT-KUL-06,KUL,hotel,HT-KUL-01,attraction,AT-KUL-06,metro,10,3.95,2026-04-01T00:00:00Z
RT-KUL-AIR-HT-KUL-02,KUL,airport,KUL,hotel,HT-KUL-02,metro,44,12.92,2026-04-01T00:00:00Z
RT-HT-KUL-02-AT-KUL-01,KUL,hotel,HT-KUL-02,attraction,AT-KUL-01,metro,10,1.78,2026-04-01T00:00:00Z
RT-HT-KUL-02-AT-KUL-02,KUL,hotel,HT-KUL-02,attraction,AT-KUL-02,metro,10,1.69,2026-04-01T00:00:00Z
RT-HT-KUL-02-AT-KUL-03,KUL,hotel,HT-KUL-02,attraction,AT-KUL-03,metro,10,2.16,2026-04-01T00:00:00Z
RT-HT-KUL-02-AT-KUL-04,KUL,hotel,HT-KUL-02,attraction,AT-KUL-04,metro,10,2.63,2026-04-01T00:00:00Z
RT-HT-KUL-02-AT-KUL-05,KUL,hotel,HT-KUL-02,attraction,AT-KUL-05,metro,15,3.10,2026-04-01T00:00:00Z
RT-HT-KUL-02-AT-KUL-06,KUL,hotel,HT-KUL-02,attraction,AT-KUL-06,metro,11,3.57,2026-04-01T00:00:00Z
RT-KUL-AIR-HT-KUL-03,KUL,airport,KUL,hotel,HT-KUL-03,metro,21,8.78,2026-04-01T00:00:00Z
RT-HT-KUL-03-AT-KUL-01,KUL,hotel,HT-KUL-03,attraction,AT-KUL-01,metro,10,2.16,2026-04-01T00:00:00Z
RT-HT-KUL-03-AT-KUL-02,KUL,hotel,HT-KUL-03,attraction,AT-KUL-02,metro,11,1.69,2026-04-01T00:00:00Z
RT-HT-KUL-03-AT-KUL-03,KUL,hotel,HT-KUL-03,attraction,AT-KUL-03,metro,10,1.78,2026-04-01T00:00:00Z
RT-HT-KUL-03-AT-KUL-04,KUL,hotel,HT-KUL-03,attraction,AT-KUL-04,metro,10,2.25,2026-04-01T00:00:00Z
RT-HT-KUL-03-AT-KUL-05,KUL,hotel,HT-KUL-03,attraction,AT-KUL-05,metro,10,2.73,2026-04-01T00:00:00Z
RT-HT-KUL-03-AT-KUL-06,KUL,hotel,HT-KUL-03,attraction,AT-KUL-06,metro,10,3.20,2026-04-01T00:00:00Z
RT-KUL-AIR-HT-KUL-04,KUL,airport,KUL,hotel,HT-KUL-04,metro,22,8.96,2026-04-01T00:00:00Z
RT-HT-KUL-04-AT-KUL-01,KUL,hotel,HT-KUL-04,attraction,AT-KUL-01,metro,10,2.54,2026-04-01T00:00:00Z
RT-HT-KUL-04-AT-KUL-02,KUL,hotel,HT-KUL-04,attraction,AT-KUL-02,metro,10,2.07,2026-04-01T00:00:00Z
RT-HT-KUL-04-AT-KUL-03,KUL,hotel,HT-KUL-04,attraction,AT-KUL-03,metro,10,1.59,2026-04-01T00:00:00Z
RT-HT-KUL-04-AT-KUL-04,KUL,hotel,HT-KUL-04,attraction,AT-KUL-04,metro,10,1.88,2026-04-01T00:00:00Z
RT-HT-KUL-04-AT-KUL-05,KUL,hotel,HT-KUL-04,attraction,AT-KUL-05,metro,10,2.35,2026-04-01T00:00:00Z
RT-HT-KUL-04-AT-KUL-06,KUL,hotel,HT-KUL-04,attraction,AT-KUL-06,metro,14,2.82,2026-04-01T00:00:00Z
RT-KUL-AIR-HT-KUL-05,KUL,airport,KUL,hotel,HT-KUL-05,metro,35,11.30,2026-04-01T00:00:00Z
RT-HT-KUL-05-AT-KUL-01,KUL,hotel,HT-KUL-05,attraction,AT-KUL-01,metro,14,2.91,2026-04-01T00:00:00Z
RT-HT-KUL-05-AT-KUL-02,KUL,hotel,HT-KUL-05,attraction,AT-KUL-02,metro,10,2.44,2026-04-01T00:00:00Z
RT-HT-KUL-05-AT-KUL-03,KUL,hotel,HT-KUL-05,attraction,AT-KUL-03,metro,10,1.97,2026-04-01T00:00:00Z
RT-HT-KUL-05-AT-KUL-04,KUL,hotel,HT-KUL-05,attraction,AT-KUL-04,metro,10,1.50,2026-04-01T00:00:00Z
RT-HT-KUL-05-AT-KUL-05,KUL,hotel,HT-KUL-05,attraction,AT-KUL-05,metro,10,1.97,2026-04-01T00:00:00Z
RT-HT-KUL-05-AT-KUL-06,KUL,hotel,HT-KUL-05,attraction,AT-KUL-06,metro,10,2.44,2026-04-01T00:00:00Z
RT-KUL-AIR-HT-KUL-06,KUL,airport,KUL,hotel,HT-KUL-06,metro,43,12.74,2026-04-01T00:00:00Z
RT-HT-KUL-06-AT-KUL-01,KUL,hotel,HT-KUL-06,attraction,AT-KUL-01,metro,10,3.29,2026-04-01T00:00:00Z
RT-HT-KUL-06-AT-KUL-02,KUL,hotel,HT-KUL-06,attraction,AT-KUL-02,metro,10,2.82,2026-04-01T00:00:00Z
RT-HT-KUL-06-AT-KUL-03,KUL,hotel,HT-KUL-06,attraction,AT-KUL-03,metro,10,2.35,2026-04-01T00:00:00Z
RT-HT-KUL-06-AT-KUL-04,KUL,hotel,HT-KUL-06,attraction,AT-KUL-04,metro,10,1.88,2026-04-01T00:00:00Z
RT-HT-KUL-06-AT-KUL-05,KUL,hotel,HT-KUL-06,attraction,AT-KUL-05,metro,11,1.59,2026-04-01T00:00:00Z
RT-HT-KUL-06-AT-KUL-06,KUL,hotel,HT-KUL-06,attraction,AT-KUL-06,metro,10,2.07,2026-04-01T00:00:00Z
RT-KUL-AIR-HT-KUL-07,KUL,airport,KUL,hotel,HT-KUL-07,metro,29,10.22,2026-04-01T00:00:00Z
RT-HT-KUL-07-AT-KUL-01,KUL,hotel,HT-KUL-07,attraction,AT-KUL-01,metro,19,3.67,2026-04-01T00:00:00Z
RT-HT-KUL-07-AT-KUL-02,KUL,hotel,HT-KUL-07,attraction,AT-KUL-02,metro,10,3.20,2026-04-01T00:00:00Z
RT-HT-KUL-07-AT-KUL-03,KUL,hotel,HT-KUL-07,attraction,AT-KUL-03,metro,10,2.73,2026-04-01T00:00:00Z
RT-HT-KUL-07-AT-KUL-04,KUL,hotel,HT-KUL-07,attraction,AT-KUL-04,metro,10,2.25,2026-04-01T00:00:00Z
RT-HT-KUL-07-AT-KUL-05,KUL,hotel,HT-KUL-07,attraction,AT-KUL-05,metro,13,1.78,2026-04-01T00:00:00Z
RT-HT-KUL-07-AT-KUL-06,KUL,hotel,HT-KUL-07,attraction,AT-KUL-06,metro,12,1.69,2026-04-01T00:00:00Z
RT-KUL-AIR-HT-KUL-08,KUL,airport,KUL,hotel,HT-KUL-08,metro,40,12.20,2026-04-01T00:00:00Z
RT-HT-KUL-08-AT-KUL-01,KUL,hotel,HT-KUL-08,attraction,AT-KUL-01,metro,19,4.05,2026-04-01T00:00:00Z
RT-HT-KUL-08-AT-KUL-02,KUL,hotel,HT-KUL-08,attraction,AT-KUL-02,metro,16,3.57,2026-04-01T00:00:00Z
RT-HT-KUL-08-AT-KUL-03,KUL,hotel,HT-KUL-08,attraction,AT-KUL-03,metro,10,3.10,2026-04-01T00:00:00Z
RT-HT-KUL-08-AT-KUL-04,KUL,hotel,HT-KUL-08,attraction,AT-KUL-04,metro,14,2.63,2026-04-01T00:00:00Z
RT-HT-KUL-08-AT-KUL-05,KUL,hotel,HT-KUL-08,attraction,AT-KUL-05,metro,13,2.16,2026-04-01T00:00:00Z
RT-HT-KUL-08-AT-KUL-06,KUL,hotel,HT-KUL-08,attraction,AT-KUL-06,metro,10,1.69,2026-04-01T00:00:00Z
RT-KUL-AIR-HT-KUL-09,KUL,airport,KUL,hotel,HT-KUL-09,metro,40,12.20,2026-04-01T00:00:00Z
RT-HT-KUL-09-AT-KUL-01,KUL,hotel,HT-KUL-09,attraction,AT-KUL-01,metro,20,4.42,2026-04-01T00:00:00Z
RT-HT-KUL-09-AT-KUL-02,KUL,hotel,HT-KUL-09,attraction,AT-KUL-02,metro,12,3.95,2026-04-01T00:00:00Z
RT-HT-KUL-09-AT-KUL-03,KUL,hotel,HT-KUL-09,attraction,AT-KUL-03,metro,19,3.48,2026-04-01T00:00:00Z
RT-HT-KUL-09-AT-KUL-04,KUL,hotel,HT-KUL-09,attraction,AT-KUL-04,metro,10,3.01,2026-04-01T00:00:00Z
RT-HT-KUL-09-AT-KUL-05,KUL,hotel,HT-KUL-09,attraction,AT-KUL-05,metro,10,2.54,2026-04-01T00:00:00Z
RT-HT-KUL-09-AT-KUL-06,KUL,hotel,HT-KUL-09,attraction,AT-KUL-06,metro,10,2.07,2026-04-01T00:00:00Z
RT-KUL-AIR-HT-KUL-10,KUL,airport,KUL,hotel,HT-KUL-10,metro,22,8.96,2026-04-01T00:00:00Z
RT-HT-KUL-10-AT-KUL-01,KUL,hotel,HT-KUL-10,attraction,AT-KUL-01,metro,16,4.80,2026-04-01T00:00:00Z
RT-HT-KUL-10-AT-KUL-02,KUL,hotel,HT-KUL-10,attraction,AT-KUL-02,metro,13,4.33,2026-04-01T00:00:00Z
RT-HT-KUL-10-AT-KUL-03,KUL,hotel,HT-KUL-10,attraction,AT-KUL-03,metro,14,3.86,2026-04-01T00:00:00Z
RT-HT-KUL-10-AT-KUL-04,KUL,hotel,HT-KUL-10,attraction,AT-KUL-04,metro,19,3.39,2026-04-01T00:00:00Z
RT-HT-KUL-10-AT-KUL-05,KUL,hotel,HT-KUL-10,attraction,AT-KUL-05,metro,11,2.91,2026-04-01T00:00:00Z
RT-HT-KUL-10-AT-KUL-06,KUL,hotel,HT-KUL-10,attraction,AT-KUL-06,metro,13,2.44,2026-04-01T00:00:00Z
RT-KUL-AIR-HT-KUL-11,KUL,airport,KUL,hotel,HT-KUL-11,metro,18,8.24,2026-04-01T00:00:00Z
RT-HT-KUL-11-AT-KUL-01,KUL,hotel,HT-KUL-11,attraction,AT-KUL-01,metro,25,5.18,2026-04-01T00:00:00Z
RT-HT-KUL-11-AT-KUL-02,KUL,hotel,HT-KUL-11,attraction,AT-KUL-02,metro,18,4.71,2026-04-01T00:00:00Z
RT-HT-KUL-11-AT-KUL-03,KUL,hotel,HT-KUL-11,attraction,AT-KUL-03,metro,13,4.23,2026-04-01T00:00:00Z
RT-HT-KUL-11-AT-KUL-04,KUL,hotel,HT-KUL-11,attraction,AT-KUL-04,metro,10,3.76,2026-04-01T00:00:00Z
RT-HT-KUL-11-AT-KUL-05,KUL,hotel,HT-KUL-11,attraction,AT-KUL-05,metro,10,3.29,2026-04-01T00:00:00Z
RT-HT-KUL-11-AT-KUL-06,KUL,hotel,HT-KUL-11,attraction,AT-KUL-06,metro,17,2.82,2026-04-01T00:00:00Z
RT-KUL-AIR-HT-KUL-12,KUL,airport,KUL,hotel,HT-KUL-12,metro,35,11.30,2026-04-01T00:00:00Z
RT-HT-KUL-12-AT-KUL-01,KUL,hotel,HT-KUL-12,attraction,AT-KUL-01,metro,17,5.55,2026-04-01T00:00:00Z
RT-HT-KUL-12-AT-KUL-02,KUL,hotel,HT-KUL-12,attraction,AT-KUL-02,metro,17,5.08,2026-04-01T00:00:00Z
RT-HT-KUL-12-AT-KUL-03,KUL,hotel,HT-KUL-12,attraction,AT-KUL-03,metro,22,4.61,2026-04-01T00:00:00Z
RT-HT-KUL-12-AT-KUL-04,KUL,hotel,HT-KUL-12,attraction,AT-KUL-04,metro,13,4.14,2026-04-01T00:00:00Z
RT-HT-KUL-12-AT-KUL-05,KUL,hotel,HT-KUL-12,attraction,AT-KUL-05,metro,11,3.67,2026-04-01T00:00:00Z
RT-HT-KUL-12-AT-KUL-06,KUL,hotel,HT-KUL-12,attraction,AT-KUL-06,metro,11,3.20,2026-04-01T00:00:00Z
RT-SIN-AIR-HT-SIN-01,SIN,airport,SIN,hotel,HT-SIN-01,metro,29,13.12,2026-04-01T00:00:00Z
RT-HT-SIN-01-AT-SIN-01,SIN,hotel,HT-SIN-01,attraction,AT-SIN-01,metro,10,1.59,2026-04-01T00:00:00Z
RT-HT-SIN-01-AT-SIN-02,SIN,hotel,HT-SIN-01,attraction,AT-SIN-02,metro,11,2.07,2026-04-01T00:00:00Z
RT-HT-SIN-01-AT-SIN-03,SIN,hotel,HT-SIN-01,attraction,AT-SIN-03,metro,10,2.54,2026-04-01T00:00:00Z
RT-HT-SIN-01-AT-SIN-04,SIN,hotel,HT-SIN-01,attraction,AT-SIN-04,metro,18,3.01,2026-04-01T00:00:00Z
RT-HT-SIN-01-AT-SIN-05,SIN,hotel,HT-SIN-01,attraction,AT-SIN-05,metro,10,3.48,2026-04-01T00:00:00Z
RT-HT-SIN-01-AT-SIN-06,SIN,hotel,HT-SIN-01,attraction,AT-SIN-06,metro,18,3.95,2026-04-01T00:00:00Z
RT-SIN-AIR-HT-SIN-02,SIN,airport,SIN,hotel,HT-SIN-02,metro,24,11.72,2026-04-01T00:00:00Z
RT-HT-SIN-02-AT-SIN-01,SIN,hotel,HT-SIN-02,attraction,AT-SIN-01,metro,10,1.78,2026-04-01T00:00:00Z
RT-HT-SIN-02-AT-SIN-02,SIN,hotel,HT-SIN-02,attraction,AT-SIN-02,metro,10,1.69,2026-04-01T00:00:00Z
RT-HT-SIN-02-AT-SIN-03,SIN,hotel,HT-SIN-02,attraction,AT-SIN-03,metro,10,2.16,2026-04-01T00:00:00Z
RT-HT-SIN-02-AT-SIN-04,SIN,hotel,HT-SIN-02,attraction,AT-SIN-04,metro,14,2.63,2026-04-01T00:00:00Z
RT-HT-SIN-02-AT-SIN-05,SIN,hotel,HT-SIN-02,attraction,AT-SIN-05,metro,16,3.10,2026-04-01T00:00:00Z
RT-HT-SIN-02-AT-SIN-06,SIN,hotel,HT-SIN-02,attraction,AT-SIN-06,metro,10,3.58,2026-04-01T00:00:00Z
RT-SIN-AIR-HT-SIN-03,SIN,airport,SIN,hotel,HT-SIN-03,metro,34,14.52,2026-04-01T00:00:00Z
RT-HT-SIN-03-AT-SIN-01,SIN,hotel,HT-SIN-03,attraction,AT-SIN-01,metro,10,2.16,2026-04-01T00:00:00Z
RT-HT-SIN-03-AT-SIN-02,SIN,hotel,HT-SIN-03,attraction,AT-SIN-02,metro,10,1.69,2026-04-01T00:00:00Z
RT-HT-SIN-03-AT-SIN-03,SIN,hotel,HT-SIN-03,attraction,AT-SIN-03,metro,13,1.78,2026-04-01T00:00:00Z
RT-HT-SIN-03-AT-SIN-04,SIN,hotel,HT-SIN-03,attraction,AT-SIN-04,metro,10,2.25,2026-04-01T00:00:00Z
RT-HT-SIN-03-AT-SIN-05,SIN,hotel,HT-SIN-03,attraction,AT-SIN-05,metro,16,2.73,2026-04-01T00:00:00Z
RT-HT-SIN-03-AT-SIN-06,SIN,hotel,HT-SIN-03,attraction,AT-SIN-06,metro,10,3.20,2026-04-01T00:00:00Z
RT-SIN-AIR-HT-SIN-04,SIN,airport,SIN,hotel,HT-SIN-04,metro,30,13.40,2026-04-01T00:00:00Z
RT-HT-SIN-04-AT-SIN-01,SIN,hotel,HT-SIN-04,attraction,AT-SIN-01,metro,10,2.54,2026-04-01T00:00:00Z
RT-HT-SIN-04-AT-SIN-02,SIN,hotel,HT-SIN-04,attraction,AT-SIN-02,metro,10,2.07,2026-04-01T00:00:00Z
RT-HT-SIN-04-AT-SIN-03,SIN,hotel,HT-SIN-04,attraction,AT-SIN-03,metro,10,1.59,2026-04-01T00:00:00Z
RT-HT-SIN-04-AT-SIN-04,SIN,hotel,HT-SIN-04,attraction,AT-SIN-04,metro,10,1.88,2026-04-01T00:00:00Z
RT-HT-SIN-04-AT-SIN-05,SIN,hotel,HT-SIN-04,attraction,AT-SIN-05,metro,15,2.35,2026-04-01T00:00:00Z
RT-HT-SIN-04-AT-SIN-06,SIN,hotel,HT-SIN-04,attraction,AT-SIN-06,metro,12,2.82,2026-04-01T00:00:00Z
RT-SIN-AIR-HT-SIN-05,SIN,airport,SIN,hotel,HT-SIN-05,metro,25,12.00,2026-04-01T00:00:00Z
RT-HT-SIN-05-AT-SIN-01,SIN,hotel,HT-SIN-05,attraction,AT-SIN-01,metro,12,2.92,2026-04-01T00:00:00Z
RT-HT-SIN-05-AT-SIN-02,SIN,hotel,HT-SIN-05,attraction,AT-SIN-02,metro,10,2.44,2026-04-01T00:00:00Z
RT-HT-SIN-05-AT-SIN-03,SIN,hotel,HT-SIN-05,attraction,AT-SIN-03,metro,10,1.97,2026-04-01T00:00:00Z
RT-HT-SIN-05-AT-SIN-04,SIN,hotel,HT-SIN-05,attraction,AT-SIN-04,metro,10,1.50,2026-04-01T00:00:00Z
RT-HT-SIN-05-AT-SIN-05,SIN,hotel,HT-SIN-05,attraction,AT-SIN-05,metro,10,1.97,2026-04-01T00:00:00Z
RT-HT-SIN-05-AT-SIN-06,SIN,hotel,HT-SIN-05,attraction,AT-SIN-06,metro,10,2.44,2026-04-01T00:00:00Z
RT-SIN-AIR-HT-SIN-06,SIN,airport,SIN,hotel,HT-SIN-06,metro,32,13.96,2026-04-01T00:00:00Z
RT-HT-SIN-06-AT-SIN-01,SIN,hotel,HT-SIN-06,attraction,AT-SIN-01,metro,10,3.29,2026-04-01T00:00:00Z
RT-HT-SIN-06-AT-SIN-02,SIN,hotel,HT-SIN-06,attraction,AT-SIN-02,metro,10,2.82,2026-04-01T00:00:00Z
RT-HT-SIN-06-AT-SIN-03,SIN,hotel,HT-SIN-06,attraction,AT-SIN-03,metro,10,2.35,2026-04-01T00:00:00Z
RT-HT-SIN-06-AT-SIN-04,SIN,hotel,HT-SIN-06,attraction,AT-SIN-04,metro,10,1.88,2026-04-01T00:00:00Z
RT-HT-SIN-06-AT-SIN-05,SIN,hotel,HT-SIN-06,attraction,AT-SIN-05,metro,10,1.59,2026-04-01T00:00:00Z
RT-HT-SIN-06-AT-SIN-06,SIN,hotel,HT-SIN-06,attraction,AT-SIN-06,metro,10,2.07,2026-04-01T00:00:00Z
RT-SIN-AIR-HT-SIN-07,SIN,airport,SIN,hotel,HT-SIN-07,metro,45,17.60,2026-04-01T00:00:00Z
RT-HT-SIN-07-AT-SIN-01,SIN,hotel,HT-SIN-07,attraction,AT-SIN-01,metro,10,3.67,2026-04-01T00:00:00Z
RT-HT-SIN-07-AT-SIN-02,SIN,hotel,HT-SIN-07,attraction,AT-SIN-02,metro,12,3.20,2026-04-01T00:00:00Z
RT-HT-SIN-07-AT-SIN-03,SIN,hotel,HT-SIN-07,attraction,AT-SIN-03,metro,10,2.73,2026-04-01T00:00:00Z
RT-HT-SIN-07-AT-SIN-04,SIN,hotel,HT-SIN-07,attraction,AT-SIN-04,metro,10,2.25,2026-04-01T00:00:00Z
RT-HT-SIN-07-AT-SIN-05,SIN,hotel,HT-SIN-07,attraction,AT-SIN-05,metro,10,1.78,2026-04-01T00:00:00Z
RT-HT-SIN-07-AT-SIN-06,SIN,hotel,HT-SIN-07,attraction,AT-SIN-06,metro,10,1.69,2026-04-01T00:00:00Z
RT-SIN-AIR-HT-SIN-08,SIN,airport,SIN,hotel,HT-SIN-08,metro,35,14.80,2026-04-01T00:00:00Z
RT-HT-SIN-08-AT-SIN-01,SIN,hotel,HT-SIN-08,attraction,AT-SIN-01,metro,12,4.05,2026-04-01T00:00:00Z
RT-HT-SIN-08-AT-SIN-02,SIN,hotel,HT-SIN-08,attraction,AT-SIN-02,metro,10,3.58,2026-04-01T00:00:00Z
RT-HT-SIN-08-AT-SIN-03,SIN,hotel,HT-SIN-08,attraction,AT-SIN-03,metro,11,3.10,2026-04-01T00:00:00Z
RT-HT-SIN-08-AT-SIN-04,SIN,hotel,HT-SIN-08,attraction,AT-SIN-04,metro,10,2.63,2026-04-01T00:00:00Z
RT-HT-SIN-08-AT-SIN-05,SIN,hotel,HT-SIN-08,attraction,AT-SIN-05,metro,11,2.16,2026-04-01T00:00:00Z
RT-HT-SIN-08-AT-SIN-06,SIN,hotel,HT-SIN-08,attraction,AT-SIN-06,metro,10,1.69,2026-04-01T00:00:00Z
RT-SIN-AIR-HT-SIN-09,SIN,airport,SIN,hotel,HT-SIN-09,metro,36,15.08,2026-04-01T00:00:00Z
RT-HT-SIN-09-AT-SIN-01,SIN,hotel,HT-SIN-09,attraction,AT-SIN-01,metro,23,4.42,2026-04-01T00:00:00Z
RT-HT-SIN-09-AT-SIN-02,SIN,hotel,HT-SIN-09,attraction,AT-SIN-02,metro,12,3.95,2026-04-01T00:00:00Z
RT-HT-SIN-09-AT-SIN-03,SIN,hotel,HT-SIN-09,attraction,AT-SIN-03,metro,17,3.48,2026-04-01T00:00:00Z
RT-HT-SIN-09-AT-SIN-04,SIN,hotel,HT-SIN-09,attraction,AT-SIN-04,metro,17,3.01,2026-04-01T00:00:00Z
RT-HT-SIN-09-AT-SIN-05,SIN,hotel,HT-SIN-09,attraction,AT-SIN-05,metro,15,2.54,2026-04-01T00:00:00Z
RT-HT-SIN-09-AT-SIN-06,SIN,hotel,HT-SIN-09,attraction,AT-SIN-06,metro,10,2.07,2026-04-01T00:00:00Z
RT-SIN-AIR-HT-SIN-10,SIN,airport,SIN,hotel,HT-SIN-10,metro,39,15.92,2026-04-01T00:00:00Z
RT-HT-SIN-10-AT-SIN-01,SIN,hotel,HT-SIN-10,attraction,AT-SIN-01,metro,23,4.80,2026-04-01T00:00:00Z
RT-HT-SIN-10-AT-SIN-02,SIN,hotel,HT-SIN-10,attraction,AT-SIN-02,metro,12,4.33,2026-04-01T00:00:00Z
RT-HT-SIN-10-AT-SIN-03,SIN,hotel,HT-SIN-10,attraction,AT-SIN-03,metro,20,3.86,2026-04-01T00:00:00Z
RT-HT-SIN-10-AT-SIN-04,SIN,hotel,HT-SIN-10,attraction,AT-SIN-04,metro,19,3.39,2026-04-01T00:00:00Z
RT-HT-SIN-10-AT-SIN-05,SIN,hotel,HT-SIN-10,attraction,AT-SIN-05,metro,10,2.92,2026-04-01T00:00:00Z
RT-HT-SIN-10-AT-SIN-06,SIN,hotel,HT-SIN-10,attraction,AT-SIN-06,metro,10,2.44,2026-04-01T00:00:00Z
RT-SIN-AIR-HT-SIN-11,SIN,airport,SIN,hotel,HT-SIN-11,metro,28,12.84,2026-04-01T00:00:00Z
RT-HT-SIN-11-AT-SIN-01,SIN,hotel,HT-SIN-11,attraction,AT-SIN-01,metro,14,5.18,2026-04-01T00:00:00Z
RT-HT-SIN-11-AT-SIN-02,SIN,hotel,HT-SIN-11,attraction,AT-SIN-02,metro,19,4.71,2026-04-01T00:00:00Z
RT-HT-SIN-11-AT-SIN-03,SIN,hotel,HT-SIN-11,attraction,AT-SIN-03,metro,17,4.24,2026-04-01T00:00:00Z
RT-HT-SIN-11-AT-SIN-04,SIN,hotel,HT-SIN-11,attraction,AT-SIN-04,metro,10,3.76,2026-04-01T00:00:00Z
RT-HT-SIN-11-AT-SIN-05,SIN,hotel,HT-SIN-11,attraction,AT-SIN-05,metro,14,3.29,2026-04-01T00:00:00Z
RT-HT-SIN-11-AT-SIN-06,SIN,hotel,HT-SIN-11,attraction,AT-SIN-06,metro,10,2.82,2026-04-01T00:00:00Z
RT-SIN-AIR-HT-SIN-12,SIN,airport,SIN,hotel,HT-SIN-12,metro,34,14.52,2026-04-01T00:00:00Z
RT-HT-SIN-12-AT-SIN-01,SIN,hotel,HT-SIN-12,attraction,AT-SIN-01,metro,28,5.56,2026-04-01T00:00:00Z
RT-HT-SIN-12-AT-SIN-02,SIN,hotel,HT-SIN-12,attraction,AT-SIN-02,metro,19,5.08,2026-04-01T00:00:00Z
RT-HT-SIN-12-AT-SIN-03,SIN,hotel,HT-SIN-12,attraction,AT-SIN-03,metro,18,4.61,2026-04-01T00:00:00Z
RT-HT-SIN-12-AT-SIN-04,SIN,hotel,HT-SIN-12,attraction,AT-SIN-04,metro,10,4.14,2026-04-01T00:00:00Z
RT-HT-SIN-12-AT-SIN-05,SIN,hotel,HT-SIN-12,attraction,AT-SIN-05,metro,20,3.67,2026-04-01T00:00:00Z
RT-HT-SIN-12-AT-SIN-06,SIN,hotel,HT-SIN-12,attraction,AT-SIN-06,metro,14,3.20,2026-04-01T00:00:00Z
